"TRANSECT","01/01/1855 12:00:01 AM to 01/01/1867 12:00:01 AM EPR","01/01/1867 12:00:01 AM to 08/01/1924 12:00:01 AM EPR","08/01/1924 12:00:01 AM to 10/01/1924 12:00:01 AM EPR","10/01/1924 12:00:01 AM to 11/24/1933 12:00:01 AM EPR","11/24/1933 12:00:01 AM to 05/12/1951 12:00:01 AM EPR","05/12/1951 12:00:01 AM to 04/18/1974 12:00:01 AM EPR","04/18/1974 12:00:01 AM to 12/29/2002 12:00:01 AM EPR","12/29/2002 12:00:01 AM to 11/25/2003 12:00:01 AM EPR","11/25/2003 12:00:01 AM to 03/01/2006 12:00:01 AM EPR"
1,NA,NA,NA,5.70860770235782,2.69368251089375,2.18506286692088,NA,NA,0.3739866227366
2,NA,NA,NA,6.26594417668008,3.05788177207593,2.31247667628992,NA,NA,0.503621331059069
3,NA,NA,NA,6.45854778130275,3.5147593271651,2.5355024838244,NA,NA,0.194241187082361
4,NA,NA,NA,6.37154803557161,3.72376358373918,2.8406166185435,NA,NA,1.78658222704007
5,NA,NA,NA,5.77133838996574,4.03018258287299,3.26559947468587,NA,NA,2.4918051048999
6,NA,NA,NA,5.14908256451098,4.5566003181349,3.54444760595279,NA,NA,3.2034503462998
7,NA,NA,NA,4.58407787710103,4.77398987255991,3.99775900177884,NA,NA,2.77830823557865
8,NA,NA,NA,4.43736901789683,4.92575936829258,4.32506324046311,NA,NA,2.80072779875357
9,NA,NA,NA,4.14121828561419,5.22305211302121,4.71061048076902,NA,NA,2.51362093087214
10,NA,NA,NA,3.76457846643479,5.4852148445127,5.11652011488864,NA,NA,1.89588342943811
11,NA,NA,NA,3.54724097925217,5.54750723324229,5.53619049113383,NA,NA,2.02313688219766
12,NA,NA,NA,3.372451953964,5.55963113337527,6.05381632745482,NA,NA,2.6606819438969
13,NA,NA,NA,3.14163299084528,5.61026116901915,6.66789075098009,NA,NA,1.05130848621382
14,NA,NA,NA,2.99045158079789,5.66036870954566,6.92648234998811,NA,NA,1.35302900486139
15,NA,NA,NA,2.72830987562483,5.48867805703206,7.28587349915986,NA,NA,1.74946562066167
16,NA,NA,NA,2.36392835005296,5.37023010113724,7.64576826793522,NA,NA,2.49339794423861
17,NA,NA,NA,2.46562255673057,5.2235943549744,7.46493428590752,NA,NA,1.0236539193796
18,NA,NA,NA,1.99519033877582,5.25060365646344,7.32919798335468,NA,NA,3.1438261118658
19,NA,NA,NA,1.96629192472659,5.12983394084698,7.26356737055119,NA,NA,4.97157318455031
20,NA,NA,NA,2.16581108383506,4.53879884195859,7.46736258824247,NA,NA,4.84468554694791
21,NA,NA,NA,2.41878533057484,4.02475435489862,7.27432176523239,NA,NA,6.07116178533693
22,NA,NA,NA,2.29565345076816,3.85948211875396,6.79011871104825,NA,NA,8.3334246103964
23,NA,NA,NA,2.1842567681826,3.61594497011995,6.51613709138668,NA,NA,7.12271817140342
24,NA,NA,NA,1.64047998080503,2.88347144949313,6.24314533322187,NA,NA,6.12444717549581
25,NA,NA,NA,1.45340951057739,1.94571665300345,6.23570078878902,NA,NA,7.24315014964768
26,NA,NA,NA,1.03510741483746,1.24722023741668,5.98074973090836,NA,NA,11.1932095247033
27,NA,NA,NA,-1.4654627170531,0.503743449725563,5.71517454415511,NA,NA,16.4793336049542
28,NA,NA,NA,-1.2727315800509,0.266340524792319,5.31359586079044,NA,NA,23.0638016296141
29,NA,NA,NA,-0.31831017716328,-0.776604600014679,5.05351170543089,NA,NA,24.2271839330988
30,NA,NA,NA,0.394186731330849,-1.28870427782089,4.57180355108565,NA,NA,28.0007566438436
31,NA,NA,NA,1.20882189783989,-1.92574521154927,3.78007557673522,NA,NA,27.6369457094388
32,NA,NA,NA,1.55856661336667,-2.19578196125446,3.37029175006108,NA,NA,29.3503543163754
33,NA,NA,NA,1.8672256487766,-2.4153746123765,2.99925323133594,NA,NA,31.7493329782394
34,NA,NA,NA,2.54640375530518,-2.6919084116838,0.417566540933605,NA,NA,34.3328044945777
35,NA,NA,NA,3.09267503284318,-2.78657019438748,0.303864820308178,NA,NA,32.5858459911434
36,NA,NA,NA,4.49690731954236,-2.55441123817245,0.0855098480834864,NA,NA,26.8929516376837
37,NA,NA,NA,4.77622426917993,-2.41097574284608,0.0164125076369084,NA,NA,20.3608579991745
38,NA,NA,NA,5.36911722931357,-1.74835074870728,-0.331700910222951,NA,NA,17.4063804039042
39,NA,NA,NA,6.16817955176522,-1.00442107068927,-0.685247362742444,NA,NA,11.2326519632586
40,NA,NA,NA,6.36766932086558,-0.874956660258077,-0.724001861085625,NA,NA,2.51042173963332
41,NA,NA,NA,6.52273090177033,-0.776491181222885,-0.754631448503213,NA,NA,-3.52413016627757
42,NA,NA,NA,6.73006042119587,-0.64670401881053,-0.796296721215172,NA,NA,-1.96253507142157
43,NA,NA,NA,7.33887292278597,-0.388112922775074,-0.801109013302548,NA,NA,0.035863521054182
44,NA,NA,NA,8.27068822215581,-0.203156652287246,-0.604494405645333,7.07489503342607,NA,NA
45,NA,NA,NA,8.65689023480008,-0.0129200755406298,-0.327340554917492,4.57413732522182,NA,NA
46,NA,NA,NA,8.32866431147685,0.442943405951499,-0.019059128061215,3.11928018300703,NA,NA
47,NA,NA,NA,7.905011403625,1.17499150792151,0.426284255577855,1.12035958360373,NA,NA
48,NA,NA,NA,6.62943521244718,2.09948880356278,1.07113689278309,-1.0692149740866,NA,NA
49,NA,NA,NA,4.91313582314533,3.08046448638334,2.61860702359517,-3.80946162193337,NA,NA
50,NA,NA,NA,3.78388918341446,0.583656807236507,5.47471892814129,-5.52282997580389,NA,NA
51,NA,NA,NA,2.668492445025,-0.641842472696716,4.6245782324919,-4.30918811359215,NA,NA
52,NA,NA,NA,2.41703674790922,-0.876075961637209,1.03893570283422,-1.3487725072644,NA,NA
53,NA,NA,NA,2.37808647513774,-0.911228919160146,1.03910966563297,-1.33490593067055,NA,NA
54,NA,NA,NA,1.24665908138506,-1.79876145019477,1.16162892711747,-1.11938425353867,NA,NA
55,NA,NA,NA,0.482876812833556,-2.49336072753714,0.955547070705235,-0.702477665203165,NA,NA
56,NA,NA,NA,0.775202396238878,-1.97820783113391,0.35367185173333,-0.394969763322888,NA,NA
57,NA,NA,NA,0.468604816577387,-1.54153596510291,-0.0322305679819688,-0.325107127249754,NA,NA
58,NA,NA,NA,0.910947116259416,-1.02383174900379,-0.655732073275614,-0.252539701105464,NA,NA
59,NA,NA,NA,0.982576305076853,-0.868440606505138,-0.91356276201752,-0.219638504225593,NA,NA
60,NA,NA,NA,0.632023194634027,-0.975377779692272,-0.90824774627529,-0.181139904001851,NA,NA
61,NA,NA,NA,0.303433645231378,-1.07594754670949,-0.927754520880783,-0.0983453848854972,NA,NA
62,NA,NA,NA,-0.326198156346128,-0.893856431685469,-0.913857813085943,0.104308945627735,NA,NA
63,NA,NA,NA,-0.291946127683493,-0.939620438584954,-0.653696350002382,0.400466408651582,NA,NA
64,NA,NA,NA,0.579970556617644,-1.09672440858468,0.00453168008623997,0.481846025550822,NA,NA
65,NA,NA,NA,0.283566984227529,-0.796850383922241,0.671084980787197,0.185260807880654,NA,NA
66,NA,NA,NA,1.07229149999936,-0.567491933655369,2.03947106686151,-0.597911216639007,NA,NA
67,NA,NA,NA,0.519776212022381,-0.0194887836642319,1.33426366653408,-0.16268807896743,NA,NA
68,NA,NA,NA,0.869434767550814,-0.278936654662125,0.39630074248164,-0.163934976437894,NA,NA
69,NA,NA,NA,0.874201581557551,-0.293324166019331,0.348370446368922,-0.149395429106041,NA,NA
70,NA,NA,NA,0.919258982974032,-0.371671138631675,0.106693630200665,-0.151277252476527,NA,NA
71,NA,NA,NA,0.813301354478579,-0.430623752358,-0.160917257561853,-0.0451251346548028,NA,NA
72,NA,NA,NA,-7.13843224044513,2.09983872767854,-0.217785964506248,0.473732068899304,NA,NA
73,NA,NA,NA,-4.55696936602325,1.03602848405583,-0.0804698203670265,-0.172798747296247,NA,NA
74,NA,NA,NA,-3.70375711214814,0.882237222954129,-0.0662229531336404,0.0964999174632308,NA,NA
75,NA,NA,NA,-4.23455118421216,2.22936713257609,-0.747347477099138,0.165476982991139,NA,NA
76,NA,NA,NA,-4.01371532949535,1.19209271500549,0.164384738144462,-0.159160482237763,NA,NA
77,NA,NA,NA,-4.61205695861068,2.02983181806932,-0.512430856108886,0.410559011184713,NA,NA
78,NA,NA,NA,-6.67478223998339,2.99819317050037,-0.185162779399797,-0.191684968114658,NA,NA
79,NA,NA,NA,-5.76248729123457,1.61647733503101,1.26619561422278,-0.56697088707849,NA,NA
80,NA,NA,NA,-4.76883709178213,1.91515220473943,0.402578081304647,-0.254607389233104,NA,NA
81,NA,NA,NA,-5.35468818979293,2.67874008508309,0.338086344705755,-0.650830693836427,NA,NA
82,NA,NA,NA,-5.30348732120043,1.71686019200539,-0.522387635871836,0.177774985294138,NA,NA
83,NA,NA,NA,-4.57952668210901,0.222056814944986,2.08378736864206,-0.788600058002935,NA,NA
84,NA,NA,NA,-4.92676542876939,0.155978536391083,1.53127120120088,-0.344838983846016,NA,NA
85,NA,NA,NA,-5.65125601052629,0.716964211046686,1.46212792953075,-0.670975525035914,NA,NA
86,NA,NA,NA,-4.1639362846904,3.56220637342669,-0.701250252525601,-0.200789175861164,NA,NA
87,NA,NA,NA,-4.35348083567546,1.4540697854283,-0.101789709970031,-0.139897523986996,NA,NA
88,NA,NA,NA,NA,0.0194145638144629,-0.0143492775241587,0.11124095038278,NA,NA
89,NA,NA,NA,-0.61032458924105,0.0724440596113559,0.907635016979607,0.174993248738007,NA,NA
90,NA,NA,NA,-0.78325729629649,0.238394210298128,-0.0597130597761007,0.148531522102943,NA,NA
91,NA,NA,NA,-0.879725709473079,0.0198852288927566,0.204056784801322,-0.296702196774915,NA,NA
92,NA,NA,NA,-4.01852305822349,0.467891835623166,0.323718224057589,-0.562796496647786,NA,NA
93,NA,NA,NA,-5.74098445547209,NA,NA,-0.110725047069188,NA,NA
94,NA,NA,NA,-6.33137893392718,1.82055715264124,-0.142459536742619,-0.0463272750205217,NA,NA
95,NA,NA,NA,-5.87968733286508,1.52231834132029,-0.278554932833683,0.148565216662666,NA,NA
96,NA,NA,NA,-4.32180447871817,1.09295946055166,-0.052153376378257,0.285182501482076,NA,NA
97,NA,NA,NA,-2.59703768099281,0.0649823976577445,0.597174590390886,-0.430948397421953,NA,NA
98,NA,NA,NA,NA,0.188992150168032,0.120134608232598,-0.199969118862624,NA,NA
99,NA,NA,NA,-1.46981494622208,0.290860233583868,-0.106584366441809,-0.0800950849086692,NA,NA
100,NA,NA,NA,-1.49228153730989,-0.315422788625238,0.270189414354433,-0.284222314310106,NA,NA
101,NA,NA,NA,0.0434470269145263,-0.217059926119654,-0.310832847303528,0.068374942664668,NA,NA
102,NA,NA,NA,1.15083448225621,-0.927145901736742,-0.301362619484085,0.142949771109833,NA,NA
103,NA,NA,NA,-1.13584375012457,-0.138354458564119,-0.0412388319522945,-0.273496923255452,NA,NA
104,NA,NA,NA,-0.00555752692733864,-1.0442343049627,0.100056179740693,-0.0811041541996923,NA,NA
105,NA,NA,NA,-0.0892202470984463,-0.758818986386234,-0.225903745966891,-0.175369347047042,NA,NA
106,NA,NA,NA,0.479981357953769,-0.473952154231565,0.293542117991234,-0.720448959221374,NA,NA
107,NA,NA,NA,0.664477483029895,-0.390196747108121,0.0780756445103301,-0.489562459859426,NA,NA
108,NA,NA,NA,0.512640029132229,-0.517888404443304,0.0296485549421646,-0.371543793103742,NA,NA
109,NA,NA,NA,0.78092080049683,-0.259166954113091,0.0611431533964888,-0.439652511659177,NA,NA
110,NA,NA,NA,0.600887856093733,-0.524329734695324,0.111950231279119,-0.274244912915399,NA,NA
111,NA,NA,NA,NA,NA,NA,-0.617143992547059,NA,NA
112,NA,NA,NA,0.488312376467889,-0.313980854064413,0.00282588730630067,-0.527318300532293,NA,NA
113,NA,NA,NA,0.321546115839419,-0.203295277146904,-0.0994654671884703,-0.401719187211527,NA,NA
114,NA,NA,NA,-0.331328054587423,0.166598462060996,-0.170977171169403,-0.478249030773101,NA,NA
115,NA,NA,NA,0.0546181863937908,-0.447684447307051,-0.453200889096315,-0.613041538705213,NA,NA
116,NA,NA,NA,0.679299018248591,-0.772807389876579,-1.89515491780663,-0.0118832827884282,NA,NA
117,NA,NA,NA,1.05877041681306,-0.930135246324183,-2.72902495508,0.0803897181704694,NA,NA
118,NA,NA,NA,2.03721235239107,-1.44787102404217,-4.19606637236915,0.429314787977232,NA,NA
119,NA,NA,NA,1.73244028164855,-0.961318953631472,-6.83166482922202,5.10510163008066,NA,NA
120,NA,NA,NA,1.60766711465677,-0.774320715951839,-5.21811971874732,0.75062565183695,NA,NA
121,NA,NA,NA,0.256048221548726,-0.129669176635967,-3.53907565891275,0.443791485627335,NA,NA
122,NA,NA,NA,0.312000451803393,-0.441771141520394,-1.4432286079956,0.0643672603307898,NA,NA
123,NA,NA,NA,0.855894333146341,-0.704228695969776,-0.534920728148522,0.0759721807601834,NA,NA
124,NA,NA,NA,0.734842670963984,-0.504999807854941,0.125721714959378,-0.564158438399343,NA,NA
125,NA,NA,NA,0.472178189480752,-0.43192624573127,0.413150194766823,-0.61803960570365,NA,NA
126,NA,NA,NA,0.154342112595732,-0.116635537281118,-0.377417424966619,-0.170150191759767,NA,NA
127,NA,NA,NA,0.418859838066645,-0.194649378061586,-0.00306358072002756,-0.216410140372776,NA,NA
128,NA,NA,NA,1.39345306585688,-0.521899334367753,0.0851228661068204,-0.154198816390185,NA,NA
129,NA,NA,NA,1.47212522441904,-0.314670863302233,-0.1077166035971,-0.275716014508145,NA,NA
130,NA,NA,NA,2.21683807732847,-0.543424800645093,-0.121710191546615,-0.332261530587972,NA,NA
131,NA,NA,NA,1.30024496006661,-0.271379784128877,-0.0534968981289379,-0.187473233621492,NA,NA
132,NA,NA,NA,1.44140369481951,-0.716736846170737,0.131599542560498,-0.171563681830667,NA,NA
133,NA,NA,NA,1.29036197504218,-0.615531418004264,0.0759590273900819,-0.130526242999986,NA,NA
134,NA,NA,NA,1.6372723255543,-0.719034041675487,-0.130071971950584,-0.0408297360040084,NA,NA
135,NA,NA,NA,1.66525950481875,-0.925220068045409,-0.0405463267249394,0.0538864322865145,NA,NA
136,NA,NA,NA,1.64878225938362,-1.10529489366377,0.0469233663757874,0.102777927851247,NA,NA
137,NA,NA,NA,1.45008800458191,-0.962666362517797,0.107024859561946,-0.0845491384604383,NA,NA
138,NA,NA,NA,1.58907530775201,-0.917991951637895,0.0458446076665983,-0.256849100981688,NA,NA
139,NA,NA,NA,1.31019603529206,-0.767097615598902,0.0265750083470401,-0.36517406584683,NA,NA
140,NA,NA,NA,1.97831878246653,-1.06211461252651,0.0379907342104605,-0.140629031361721,NA,NA
141,NA,NA,NA,1.16652361075588,-0.506676010468433,0.103197691260992,-0.244404004222323,NA,NA
142,NA,NA,NA,1.29435974035623,-0.450530012621996,0.223611769837817,-0.275834021187946,NA,NA
143,NA,NA,NA,0.951984166945677,-0.139478292491684,0.227643280776088,-0.293741705625199,NA,NA
144,NA,NA,NA,0.852299576446145,0.100986511376903,0.106420892589915,-0.216163846939687,NA,NA
145,NA,NA,NA,0.873992025924402,0.235665725247872,0.0355787142984126,-0.264367707622508,NA,NA
146,NA,NA,NA,1.47004568209161,-0.125017879580358,0.178594476935666,-0.250771195791409,NA,NA
147,NA,NA,NA,1.91981677276882,-0.460401209138681,0.327165067414535,-0.124642514785405,NA,NA
148,NA,NA,NA,2.37372048377012,-0.213717786122252,0.0159774223637207,-0.0160843490557126,NA,NA
149,NA,NA,NA,0.769568432323112,0.283830674727097,-0.38935413058175,-0.0213029243669822,NA,NA
150,NA,NA,NA,1.33711669917769,0.085456047794245,0.302374601138148,-0.0351401203025186,NA,NA
151,NA,NA,NA,1.27060639444126,0.0112580215491071,0.263797501581287,-0.433093341518649,NA,NA
152,NA,NA,NA,1.70657848530103,-0.159794012444123,0.330804856837439,-0.615415639510175,NA,NA
153,NA,NA,NA,2.15047029348368,-0.400273614750286,0.642484591177016,0.059529018359542,NA,NA
154,NA,NA,NA,1.38670046962005,-0.296629066226428,0.73958428707916,-0.556451866663887,NA,NA
155,NA,NA,NA,2.34457405326076,-0.383866064836767,0.00625244215533112,0.242365237445113,NA,NA
156,NA,NA,NA,2.717008064567,-0.146066397442749,-0.185281539642824,0.210456425512119,NA,NA
157,NA,NA,NA,2.84522386382742,-0.104824368559719,0.115430967635204,0.110559790703884,NA,NA
158,NA,NA,NA,3.18305559338305,-0.492400783805003,0.483868481378631,-0.207377167508863,NA,NA
159,NA,NA,NA,3.1301967250787,-0.547198862074624,0.48616745170473,-0.187530983057938,NA,NA
160,NA,NA,NA,2.91833890379495,-0.599979774000677,0.541187251739119,-0.20176630955005,NA,NA
161,NA,NA,NA,2.7551551548794,-0.637849783029509,0.520624847987764,-0.161824362293738,NA,NA
162,NA,NA,NA,2.58067011486767,-0.616538804296492,0.403042004664465,-0.0848927425803679,NA,NA
163,NA,NA,NA,3.38530426704704,-1.10116554732795,0.364092188832895,-0.0620800410538398,NA,NA
164,NA,NA,NA,3.62980550673939,-1.10089084958858,0.195899647489306,-0.0246107776977663,NA,NA
165,NA,NA,NA,3.97928774020729,-0.803876211390842,-0.348202247273286,0.10762177907909,NA,NA
166,NA,NA,NA,3.3477261434392,-0.622868959529442,0.457903454158585,0.0924781275858859,NA,NA
167,NA,NA,NA,3.45951827284608,-0.341568134225266,0.240605149072876,1.25751782400901,NA,NA
168,NA,NA,NA,NA,-1.01510998547548,0.614257511799723,-0.194345950673003,NA,NA
169,NA,NA,NA,NA,-1.01576148580158,0.614306746457773,-0.193588704595936,NA,NA
170,NA,NA,NA,2.8424670274116,-0.903022258016132,0.212743610004974,0.273011566804241,NA,NA
171,NA,-0.0726312185499279,NA,NA,-0.654559834347654,0.162735094476771,0.271196547892054,NA,NA
172,NA,0.213155413621203,NA,NA,-0.617206308010445,0.30146369346557,0.787766442403718,NA,NA
173,NA,0.478908277434686,NA,NA,-0.0592020211949833,-0.307496567248295,0.124987012688767,NA,NA
174,NA,1.07024576652097,NA,NA,0.454758657398414,-0.629355356541415,-0.0658105142967932,NA,NA
175,NA,1.13367952105816,NA,NA,0.556946606464639,-0.672838819454526,-0.243789895232655,NA,NA
176,NA,1.1112160018939,NA,NA,0.914586195778992,-0.248070268238525,-0.649001419976028,NA,NA
177,0.000908302877725475,1.09147255458965,NA,NA,0.646385432119787,0.0213863964313788,-1.07493435735259,NA,NA
178,-1.13708019581191,1.02765820740806,NA,NA,1.02314458984929,-0.345987849494231,-0.872492135353172,NA,NA
179,-1.41411962347071,0.802737782838121,NA,NA,1.06721884183974,-0.590089699384022,-0.571222044783177,NA,NA
180,-2.06230514584995,0.801486418768625,NA,NA,0.35970639226905,-0.537378413628914,-0.370153056347267,NA,NA
181,-1.02677057133508,0.826689862327232,NA,NA,-0.476147317806688,0.247522485823003,-0.722331630020076,NA,NA
182,-0.42901889707585,1.06480400801945,NA,NA,-0.698952192271777,1.09434035776602,-0.293960497417808,NA,NA
183,-0.209301323946442,0.933101720389262,NA,NA,0.187931791837655,0.545452849931192,-0.0858478488839514,NA,NA
184,-0.828039057255517,0.670707295603048,NA,NA,0.20712509027277,0.922757446130859,-0.327238108651188,NA,NA
185,-0.909625105510025,0.473147609304299,NA,NA,-0.393768913368112,0.53087260800903,-0.122939027002294,NA,NA
186,-0.568666563673592,0.297288269903662,NA,NA,0.00254017945545756,0.288678425274147,-0.0627360163104786,NA,NA
187,-0.386410012209625,0.255684411008178,NA,NA,0.530681489726115,0.194984633512971,0.107140409203931,NA,NA
188,0.198652218467592,0.363592274298751,NA,NA,0.255476515552762,0.194056469873657,-0.426631542553466,NA,NA
189,0.460386769671284,0.36553786063478,NA,NA,0.038898007681314,0.351971579629225,-0.297446302809188,NA,NA
190,1.16760671032027,0.185936774597098,NA,NA,-0.104219311506531,0.739801518101939,-0.439948082268668,NA,NA
191,0.812719446044492,0.387094139764018,NA,NA,0.0155929682713698,0.732153192578749,-0.63799774414969,NA,NA
192,0.367969474407867,0.56948595180827,NA,NA,0.272503247870874,0.163249034366436,-0.248359161919845,NA,NA
193,0.473324322034133,0.720443623987524,NA,NA,0.161379326505604,-0.148504832946848,0.25501759191814,NA,NA
194,0.498858326881792,0.844867549494831,NA,NA,0.67364226259105,-0.227689779484976,0.18870810084614,NA,NA
195,0.557713767163709,0.94912080375077,NA,NA,-0.197425550996052,0.286516594953418,0.00231080823468502,NA,NA
196,0.699091887237724,1.11346742951149,NA,NA,0.0817147015096568,0.66811982319808,-0.0827243723757764,NA,NA
197,0.804282424534234,1.24856206047616,NA,NA,1.29499342117348,0.835523182537418,-0.47116053646104,NA,NA
198,0.952195897563434,1.48978183294109,NA,NA,0.649858873265229,0.752392288085599,-0.235186164955096,NA,NA
199,0.881318028312917,1.65135853763691,NA,NA,-0.738153450707336,1.71865459046789,-0.190598409093631,NA,NA
200,0.785739940097299,1.67416332909173,NA,NA,-0.565399265379433,0.529443147822933,0.0488931303462017,NA,NA
201,0.957119534572125,1.55829651928148,NA,NA,-0.311938039996064,0.691999369016237,-0.276979276254629,NA,NA
202,1.26944378129128,1.11399578770343,NA,NA,0.00162303253659254,1.80515020751004,-0.398438806054168,NA,NA
203,1.15759280183173,0.900961651204498,NA,NA,3.61890469068976,0.571223316529545,-0.31758657631887,NA,NA
204,1.15965930090383,0.60525177115888,NA,NA,6.33638864143875,0.530438264305196,-0.576353437475087,NA,NA
205,-0.406223452130933,-0.0185603661704738,NA,NA,8.84531611147156,0.306938940024156,-0.541742356143838,NA,NA
206,-0.485490105726342,-0.015130220117179,NA,NA,8.90402431285656,-0.175874827744045,-0.441540764225086,NA,NA
207,-0.566623500580801,-0.000306164096287339,NA,NA,8.51648797833773,0.186513521277862,-0.828301030211257,NA,NA
208,0.0907243275680661,-0.0323282464602941,NA,NA,7.42300321802363,0.475313225623114,-1.15436945881733,NA,NA
209,2.80811281404051,-0.752810151411931,NA,NA,-0.896510940505099,0.607391352293129,-1.35649908985735,NA,NA
210,0.244099054207299,0.155691852029687,NA,NA,-1.19283948750157,0.589129648964277,-1.27751194210501,NA,NA
211,0.187899500906369,0.240091685160889,NA,NA,-1.13091887470217,0.468481127191073,-1.10538759142125,NA,NA
212,0.463884869963932,1.39925074941023,NA,NA,-1.36178018782611,0.507379994240156,-1.14654435637963,NA,NA
213,0.481179109978723,1.70621890566193,NA,NA,-1.2404146940662,0.430878333057497,-1.12037595267958,NA,NA
214,0.302869613028849,1.87564070509766,NA,NA,-1.08801646548505,0.0773661119577421,-1.18111722530456,NA,NA
215,0.429960917485576,1.76732390200947,NA,NA,-0.959642077011951,NA,NA,NA,NA
216,0.1962244716678,1.27469679933254,NA,NA,-0.835527671336026,NA,NA,NA,NA
217,0.066534815703766,2.04987684103644,NA,NA,-1.12001275274885,NA,NA,NA,NA
218,-0.0176732678844165,1.38466099415133,NA,NA,-1.29250408571358,0.17725446466024,-0.111357936335849,NA,NA
219,0.166578390886042,0.941057920285686,NA,NA,-0.847173391915256,0.251169103456118,-0.4163019247353,NA,NA
220,0.695520055674775,0.558600592303184,NA,NA,-0.461924167574533,-0.296869710833464,-0.466802431022583,NA,NA
221,-0.272034301798783,0.333807860558685,NA,NA,-0.562106875634558,-0.176956208907854,-0.26180366710208,NA,NA
222,0.0782429440494251,0.0583512737196091,NA,NA,-0.711544115320376,0.0131888428063346,-0.2950014548984,NA,NA
223,0.547245435387492,-0.0884709643521799,NA,NA,-0.271889056809415,-0.202935613785638,-0.162776105956843,NA,NA
224,0.704830963865133,-0.185301864478808,NA,NA,-0.396864672736737,-0.429266685548095,NA,NA,NA
225,0.638290866053692,-0.254029564260273,NA,NA,-0.767394225004773,0.157993878703387,NA,NA,NA
226,-0.373284941032883,-0.199159545812342,NA,NA,-0.62766038159459,0.508469633583012,NA,NA,NA
227,NA,NA,NA,NA,NA,NA,NA,NA,NA
228,NA,NA,NA,NA,-1.08246387981246,0.390725826162103,NA,NA,NA
229,-0.122914878424683,0.13810925772395,NA,NA,-0.800681618965069,0.445224308660453,NA,NA,NA
230,-0.80035189834745,0.195378647035218,NA,NA,-0.585393021326178,0.0943158683340952,NA,NA,NA
231,-0.415575169831992,0.249346352450743,NA,NA,-0.390876403793946,0.0549366142647138,NA,NA,NA
232,-0.439008764143884,0.327617171364844,NA,NA,-0.243981489604491,-0.156456801474133,NA,NA,NA
233,0.0962968278235333,0.356014371678375,NA,NA,-0.127654913781946,-0.333890416225612,NA,NA,NA
234,0.587621101960442,0.212947049391041,NA,NA,-0.00813920571643153,-0.629657556536617,NA,NA,NA
235,0.812972891198658,0.0626802018667588,NA,NA,0.0342669589088167,-0.68829899783352,NA,NA,NA
236,0.852884324491575,0.123283302104953,NA,NA,-0.224363891768353,-0.720832982114107,NA,NA,NA
237,1.20009006461528,0.106521188090271,NA,NA,-0.107846814235487,-0.867536342519776,NA,NA,NA
238,0.682091744584975,0.176955528842884,NA,NA,0.0748860174230827,-0.9634973791136,NA,NA,NA
239,0.296951076946658,0.241654959072901,NA,NA,0.552432430506791,-0.997695545031782,NA,NA,NA
240,0.969884313634133,0.399337033360595,NA,NA,0.797139151997977,-1.00870106418481,NA,NA,NA
241,0.286729541529017,0.689083080449,NA,NA,1.04192386029902,-0.782317752605365,NA,NA,NA
242,0.1955591274688,0.742985030369175,NA,NA,1.19387470386213,-0.612533569636175,NA,NA,NA
243,1.54393732786814,0.139463410976473,NA,NA,2.19945713998777,-0.168527687792001,NA,NA,NA
244,1.55624717543972,-0.148873676997401,NA,NA,2.35280850922086,0.964919890669787,NA,NA,NA
245,1.48352038046858,-0.0138879431831059,NA,NA,2.65445017892701,1.47420573438606,NA,NA,NA
246,0.382881401882792,0.261841863960806,NA,NA,3.73844825708712,1.59236059768044,NA,NA,NA
247,0.193296383006775,0.319985538832016,NA,NA,4.22736217999697,2.44897335910232,NA,NA,NA
248,-1.16181162096022,0.715608480073356,NA,NA,3.77635156501278,3.85576661929575,NA,NA,NA
249,-0.893934701680391,0.775812033893113,NA,NA,3.85165262740303,4.72088060700292,NA,NA,NA
250,3.17692952006072,0.194893316927712,NA,NA,4.19796176208984,4.43679093075072,NA,NA,NA
251,4.84348469590651,-0.226826760459044,NA,NA,4.29053217196528,4.39018739328044,NA,NA,NA
252,3.95467957477763,-0.0995994193523784,NA,NA,4.5894347966644,3.72567479893884,NA,NA,NA
253,-1.53897418981006,-0.0506458164929195,NA,NA,5.31820792639949,2.34786102647866,NA,NA,NA
254,-1.46151705158708,1.16144006285136,NA,NA,4.90810309575992,1.18332620684654,NA,NA,NA
255,-1.28333793813563,1.39569901945783,NA,NA,4.43340305974432,-0.559201342824747,NA,NA,NA
256,-0.920122705514492,0.785128187175057,NA,NA,4.14152499675818,0.360950110459551,NA,NA,NA
257,-0.988118552328967,0.985188616306489,NA,NA,2.61505486407943,0.188983075815893,NA,NA,NA
258,-1.17103051205009,0.96882697976224,NA,NA,2.68116245155753,0.861184345355931,NA,NA,NA
259,-1.21792817074321,0.984893672419392,NA,NA,2.73797207234207,0.397376126599025,NA,NA,NA
260,-1.7525205022083,0.901488698612028,NA,NA,2.24752786388928,0.523123025043692,NA,NA,NA
261,-1.23038547146514,0.884136712346143,NA,NA,2.26086706849266,0.507428257911353,NA,NA,NA
262,-1.02806422773008,0.836580746822142,NA,NA,3.05090803377236,0.917438600429381,NA,NA,NA
263,-4.56750815568585,0.617848697170835,NA,NA,3.4948377991046,0.151321910483074,NA,NA,NA
264,-1.08225468120902,0.295916495757367,NA,NA,4.37185013378121,-0.571288298134075,NA,NA,NA
265,-1.80337475993134,0.0417424933416897,NA,NA,1.33542060936671,1.85416247612174,NA,NA,NA
266,-1.87200569477724,0.509295226142629,NA,NA,1.10061088965683,0.547259750815285,NA,NA,NA
267,-2.57234355537204,0.566940558230839,NA,NA,0.923946103947992,-0.679089356170147,NA,NA,NA
268,-0.921111294934742,0.0796289355340915,NA,NA,0.926489368715588,-0.532304577326764,NA,NA,NA
269,-0.656968241296758,0.516794628312472,NA,NA,0.33140992208651,-0.0195571768055953,NA,NA,NA
270,-1.17291464467625,0.30481988678543,NA,NA,2.30323336784306,-0.486452685588105,NA,NA,NA
271,-0.0311396832596667,0.175948471457178,NA,NA,0.997688417608166,-0.178383919377181,NA,NA,NA
272,-0.312059306955642,-0.181424162329666,NA,NA,0.115976694631439,0.233124134315469,NA,NA,NA
273,0.0451966612027916,-0.588373065591322,NA,NA,0.3374004722948,0.491921441967412,NA,NA,NA
274,0.2065422409814,-0.919084178574888,NA,NA,0.245456856362152,0.710332071876996,NA,NA,NA
275,0.069782656056075,-0.878887059300825,NA,NA,0.640869969796277,0.326153396112294,NA,NA,NA
276,0.966333564365958,-1.02744279470717,NA,NA,0.465772856708233,0.77119928840394,NA,NA,NA
277,2.11204925004435,-1.14296605582581,NA,NA,-0.212265147010828,0.424875920953933,NA,NA,NA
278,2.95842462442465,-1.18163123221637,NA,NA,-0.601378886216389,NA,NA,NA,NA
279,0.799451764267083,-1.2186340694986,NA,NA,2.86658780389847,-2.10327459554793,NA,NA,NA
280,7.30740267667216,-1.6677855617377,NA,NA,1.57673490039654,-0.330986284024716,NA,NA,NA
281,5.88626112254342,-1.4394558334322,NA,NA,1.78801872482791,-0.377563840397766,NA,NA,NA
282,6.13941366046612,-1.53600860216156,NA,NA,2.89983776108146,-0.522927627426082,NA,NA,NA
283,NA,NA,NA,NA,4.25210712219627,0.854269292572083,NA,NA,NA
284,NA,NA,NA,NA,2.2623745634176,0.631470044536766,NA,NA,NA
285,NA,NA,NA,NA,0.874265913636397,1.03155896591523,NA,NA,NA
286,NA,NA,NA,NA,2.63684959173694,0.31626203978654,NA,NA,NA
287,NA,NA,NA,NA,2.74502919011608,-0.22961648314423,NA,NA,NA
288,NA,NA,NA,NA,2.9587354169,0.72541427795436,NA,NA,NA
289,NA,NA,NA,NA,3.63851238476502,0.0538173150407089,NA,NA,NA
290,NA,NA,NA,NA,4.7716268197528,-1.13224764743735,NA,NA,NA
291,NA,NA,NA,NA,5.12823752820776,-0.699996147417662,NA,NA,NA
292,NA,NA,NA,NA,4.36315564259369,-0.976430466135808,NA,NA,NA
293,NA,NA,NA,NA,3.35562140099229,0.117467310574215,NA,NA,NA
294,NA,NA,NA,NA,2.97018048930825,0.538905207865725,NA,NA,NA
295,NA,NA,NA,NA,1.80544599285188,0.0671701525442003,NA,NA,NA
296,NA,NA,NA,NA,1.46801867551307,-0.685659960124922,NA,NA,NA
297,NA,NA,NA,NA,2.38450526231212,-1.14088456044387,NA,NA,NA
298,NA,NA,NA,NA,2.73341934644977,-0.667818379552366,NA,NA,NA
299,NA,NA,NA,NA,2.04163106910552,0.890328021928527,NA,NA,NA
300,NA,NA,NA,NA,2.2983267379405,0.890714865809164,NA,NA,NA
301,NA,NA,NA,NA,4.0388624312127,-0.400817032098096,NA,NA,NA
302,NA,NA,NA,NA,0.577097929454051,-1.28213217649709,NA,NA,NA
303,NA,NA,NA,NA,-0.232799243261199,-1.49461156356869,NA,NA,NA
304,NA,NA,NA,NA,-0.874631096387722,-2.72385813651212,NA,NA,NA
305,NA,NA,NA,NA,-2.12561187030454,-1.28737334310723,NA,NA,NA
306,NA,NA,NA,NA,-1.61109781267803,-0.955055792139037,NA,NA,NA
307,NA,NA,NA,NA,-0.690316730503551,-0.506679438560245,NA,NA,NA
308,NA,NA,NA,NA,NA,NA,NA,NA,NA
309,NA,NA,NA,NA,NA,NA,NA,NA,NA
310,NA,NA,NA,NA,0.0143086115501637,-1.62789801038165,NA,NA,NA
311,NA,NA,NA,NA,0.423894144944048,-2.29504186690782,NA,NA,NA
312,NA,NA,NA,NA,0.439209218150304,-1.78495779296403,NA,NA,NA
313,NA,NA,NA,NA,-0.0761137652194897,-1.46809865563722,NA,NA,NA
314,NA,NA,NA,NA,0.725074987472311,-2.28624709133542,NA,NA,NA
315,NA,NA,NA,NA,0.534737264670161,-2.57856318139562,NA,NA,NA
316,NA,NA,NA,NA,-0.452589541948201,-2.26955260769177,NA,NA,NA
317,NA,NA,NA,NA,0.481326499276248,-1.97680247105707,NA,NA,NA
318,NA,NA,NA,NA,-1.23276079975497,-1.24602495582431,NA,NA,NA
319,NA,NA,NA,NA,-0.468438597592273,-1.85260375924224,NA,NA,NA
320,NA,NA,NA,NA,-2.53388815591272,-1.01063408338588,NA,NA,NA
321,NA,NA,NA,NA,-2.52772994855115,-0.972349233100294,NA,NA,NA
322,NA,NA,NA,NA,-2.49909708925004,-0.778081787260264,NA,NA,NA
323,NA,NA,NA,NA,-1.25020207817217,-0.663950274036037,NA,NA,NA
324,NA,NA,NA,NA,-1.5656011161579,-0.499430567179008,NA,NA,NA
325,NA,NA,NA,NA,-1.63667095944248,-0.307951489489136,NA,NA,NA
326,NA,NA,NA,NA,-1.14580736115622,-0.20709789742919,NA,NA,NA
327,NA,NA,NA,NA,-2.52102469893138,-0.088749756365682,NA,NA,NA
328,NA,NA,NA,NA,-2.55006358338072,-0.0202900134852366,NA,NA,NA
329,NA,NA,NA,NA,NA,-0.0303336426988815,NA,NA,NA
330,NA,NA,NA,NA,NA,-0.0398023393709868,NA,NA,NA
331,NA,NA,NA,NA,-1.37385968514419,0.372881622260878,NA,NA,4.77860212817497
332,NA,NA,NA,NA,-1.680787854032,0.56193100844833,NA,NA,5.98789250031137
333,NA,NA,NA,NA,-4.03488253972467,0.336962565217266,NA,NA,1.97924569227312
334,NA,NA,NA,NA,-3.98943978598083,0.352676204930553,NA,NA,0.671296709654006
335,NA,NA,NA,NA,-3.8231224519834,0.15620613443398,NA,NA,-0.404705810446868
336,NA,NA,NA,NA,-3.45627774411106,-0.052077595216903,NA,NA,0.651897398222416
337,NA,NA,NA,NA,-3.53599356569962,-0.102566779934602,NA,NA,4.6563819922757
338,NA,NA,NA,NA,-4.328680429445,-0.0708229828760792,NA,NA,9.7428935106766
339,NA,NA,NA,NA,-4.80046156057742,0.00451525155068932,NA,NA,14.0601837579937
340,NA,NA,NA,NA,-5.43302511313673,0.00136053156210432,NA,NA,12.7841214491398
341,NA,NA,NA,NA,-5.24159328411627,0.167770669228889,NA,NA,NA
342,NA,NA,NA,NA,-7.86555397280025,0.0323565070696252,NA,NA,-1.39941475268084
343,NA,NA,NA,NA,-7.15094769207953,0.0460492904008784,NA,NA,-1.31752852388524
344,NA,NA,NA,NA,-6.53654537848832,0.182695362185084,NA,NA,-1.26526384732597
345,NA,NA,NA,NA,-6.34865797452793,1.49273518195642,NA,NA,-1.30089480531342
346,NA,NA,NA,NA,-6.59655432701872,1.59821535827065,NA,NA,-1.23531446988903
347,NA,NA,NA,NA,-4.49094237439039,-0.222396594569866,NA,NA,-0.508848098125926
348,NA,NA,NA,NA,-2.8693367436279,-1.19262548712916,NA,NA,-0.0179678322574076
349,NA,NA,NA,NA,-2.55471749265181,-1.15551968683434,NA,NA,0.208981689985226
350,NA,NA,NA,NA,-2.41983674393834,-1.01682100681534,NA,NA,0.102566582612406
351,NA,NA,NA,NA,-2.49073455847216,-0.848339811399356,NA,NA,0.986134531424949
352,NA,NA,NA,NA,-3.10872203575588,-0.345439168088034,NA,NA,0.5604119816167
353,NA,NA,NA,NA,-2.871222791487,-0.134317516717007,NA,NA,0.0625320544407415
354,NA,NA,NA,NA,-2.51766975066178,0.0418945005348202,NA,NA,0.0244680224026555
355,NA,NA,NA,NA,-1.80051940455614,0.437809347195562,NA,NA,1.29942468379752
356,NA,NA,NA,NA,-1.80197072871107,0.594181978776027,NA,NA,1.36045958266444
357,NA,NA,NA,NA,-1.33350626052053,0.808345907399228,NA,NA,2.47642605552059
358,NA,NA,NA,NA,-1.26089284167257,0.732544345383973,NA,NA,1.76541456622592
359,NA,NA,NA,NA,-1.05530930985905,0.591111165237797,NA,NA,1.22745373132775
360,NA,NA,NA,NA,-1.00815867015049,0.498864882008175,NA,NA,2.68849748899143
361,NA,NA,NA,NA,-1.20272746674909,0.360939015092039,NA,NA,2.58471403124601
362,NA,NA,NA,NA,-1.07415317694483,0.465034182841124,NA,NA,1.93106430509976
363,NA,NA,NA,NA,-1.14149638950543,0.602380171752801,NA,NA,1.11521704593377
364,NA,NA,NA,NA,-1.44739570440262,0.774384753633172,NA,NA,0.416110889574354
365,NA,NA,NA,NA,-1.38469501842362,0.828287430934929,NA,NA,-0.294204560821889
366,NA,NA,NA,NA,-1.26529843279924,0.616911272436484,NA,NA,0.00463382146472187
367,NA,NA,NA,NA,-1.4411576754853,0.703926943103984,NA,NA,0.0378149859484132
368,NA,NA,NA,NA,-1.44562293865608,0.740247426681664,NA,NA,0.143786674965796
369,NA,NA,NA,NA,-1.02768470731228,0.522024816581656,NA,NA,-0.220525422572513
370,NA,NA,NA,NA,-0.616232973069261,0.35827243587387,NA,NA,-0.110276257003826
371,NA,NA,NA,NA,-0.563527861585014,0.260650469960119,NA,NA,0.222013539280653
372,NA,NA,NA,NA,-0.193945149740752,0.0671791740446328,NA,NA,0.0755668974215856
373,NA,NA,NA,NA,-0.245965706073721,0.10734430835929,NA,NA,-0.164465130021314
374,NA,NA,NA,NA,-0.0831365130464267,0.138895936182317,NA,NA,-0.0582126247805816
375,NA,NA,NA,NA,0.14095046359851,0.306661450557027,NA,NA,-0.533876496251222
376,NA,NA,NA,NA,-0.118440635679963,0.51881955974178,NA,NA,-1.21207377798424
377,NA,NA,NA,NA,-0.358554082218181,0.56727580030925,NA,NA,-1.90686867754465
378,NA,NA,NA,NA,-0.208322651319327,0.424454728037483,NA,NA,-2.64441549244281
379,NA,NA,NA,NA,-0.100319797852391,0.406667792015948,NA,NA,-1.95982195304096
380,NA,NA,NA,NA,-0.312953406834139,0.502730694788805,NA,NA,-1.58206800901633
381,NA,NA,NA,NA,0.0590787184989239,0.403282615373505,NA,NA,-2.61674713446041
382,NA,NA,NA,NA,0.504903743183338,0.283695192500897,NA,NA,-2.58850230847265
383,NA,NA,NA,NA,0.58734490696346,-0.00358675543653878,NA,NA,-2.07149442272665
384,NA,NA,NA,NA,0.658648176868688,-0.387004488438271,NA,NA,-2.51737526155996
385,NA,NA,NA,NA,0.381423891593198,-0.42088896418836,NA,NA,-2.32711399519957
386,NA,NA,NA,NA,0.482570610829415,-0.646953431007223,NA,NA,-3.09703958817399
387,NA,NA,NA,NA,0.373848163642651,-0.715410484781218,NA,NA,-3.20037521118616
388,NA,NA,NA,NA,0.63232890124488,-0.829407028135705,NA,NA,-1.56391077547777
389,NA,NA,NA,NA,0.612187987848147,-0.88709242655292,NA,NA,-0.928649035677297
390,NA,NA,NA,NA,0.440559349227747,-0.887153715537395,NA,NA,-1.40001953575759
391,NA,NA,NA,NA,0.246342627569054,-0.879559394863856,NA,NA,0.0347263518499299
392,NA,NA,NA,NA,0.481569304438462,-1.14049780798777,NA,NA,-0.2831488429738
393,NA,NA,NA,NA,0.347894156416474,-1.24805379401345,NA,NA,0.570841724698968
394,NA,NA,NA,NA,0.356893935664271,-2.00623670088242,NA,NA,0.429630103501208
395,NA,NA,NA,NA,0.412164731585651,-1.59337324897513,NA,NA,0.0258015893805073
396,NA,NA,NA,NA,0.293613137989739,-1.41220073937197,NA,NA,0.214602707989053
397,NA,NA,NA,NA,0.180313530952655,-1.03912512982508,NA,NA,-0.518189101378183
398,NA,NA,NA,NA,0.0563497703536199,-0.822578205409862,NA,NA,-0.731632144095769
399,NA,NA,NA,NA,0.151938191606379,-1.03048361345549,NA,NA,-2.9894153933744e-06
400,0.275337148945725,-1.02631046822031,NA,NA,0.184355240023187,-1.18260133252178,NA,NA,-0.188600254454208
401,0.109555948314108,-1.25664268917973,NA,NA,0.224607991053049,-1.23886671733659,NA,NA,-0.10234307818855
402,0.0998680428567917,-1.38932601154851,NA,NA,0.295746375793852,-1.25873680479487,NA,NA,-0.0326505860616969
403,0.333148650753458,-1.49671403824817,NA,NA,0.235567965512503,-1.27418573086578,NA,NA,0.0855293574666694
404,-0.094690217134325,-1.46608368153562,NA,NA,0.259006598662006,-1.246405627938,NA,NA,-0.0924820200841831
405,0.148160021127817,-1.37614995071456,NA,NA,0.213422469172836,-1.28042247099542,NA,NA,-0.20899325547595
406,-0.029324960751925,-1.28769219947598,NA,NA,0.201835785452346,-1.34907386602544,NA,NA,-0.154086852865262
407,-0.483035042423533,-1.17129079944129,NA,NA,0.0249801480931063,-1.35635724500835,NA,NA,0.128137442618924
408,NA,-1.09676826656136,NA,NA,-0.183877822253235,-1.21792911170731,NA,NA,-0.0283915118560063
409,NA,-1.02762936837358,NA,NA,-0.0455715103676496,-1.4753338622648,NA,NA,0.100452876951839
410,NA,-1.00442918352893,NA,NA,0.012182475000963,-1.54280134128556,NA,NA,0.138548388441938
411,NA,-0.936557038968038,NA,NA,-0.142009213973452,-1.33348669455979,NA,NA,0.241476131948617
412,NA,-0.70432391351955,NA,NA,0.122774339677231,-1.50154596924819,NA,NA,0.109012679154391
413,NA,-0.675721928492928,NA,NA,-0.00550351428387479,-1.53934249400141,NA,NA,0.00621734119161572
414,NA,-0.683185670513472,NA,NA,-0.262314474139716,-1.46803251879293,NA,NA,-0.0595943305088965
415,NA,-0.733837933764697,NA,NA,-0.413031673889211,-1.51114968544446,NA,NA,-0.116417465007344
416,NA,-0.786427377339455,NA,NA,-0.509505054336754,-1.46539859190113,NA,NA,-0.134791049379743
417,NA,-0.781141528945965,NA,NA,-0.59715818456094,-1.37235091410628,NA,NA,-0.356333773517591
418,NA,-0.748847758387934,NA,NA,-0.723105592363244,-1.18984628653942,NA,NA,-0.143196566722997
419,NA,-0.793175089705526,NA,NA,-0.269240313197249,-1.64975615102505,NA,NA,-0.252909664219464
420,NA,-0.841038889285956,NA,NA,-0.261562257826516,-1.72996489038664,NA,NA,0.343880123448699
421,NA,-0.870551024441737,NA,NA,-0.104362240366105,-1.82106300872158,NA,NA,0.386384036478024
422,NA,-0.96018368961043,NA,NA,-0.102506279904103,-1.76179597324125,NA,NA,0.136557642025651
423,NA,-1.0441534164508,NA,NA,-0.400423233477644,-1.74688773987303,NA,NA,-0.152342208750009
424,NA,-1.05771386825347,NA,NA,-0.476532224724263,-1.50129642275234,NA,NA,-0.298713088403294
425,NA,-1.09662512447283,NA,NA,-0.307251502169153,-1.47453906358884,NA,NA,-0.0910503740694235
426,NA,-1.18673388128084,NA,NA,-0.197518495473285,-1.64690064170485,NA,NA,0.291301875873682
427,NA,-1.31571773632989,NA,NA,-0.552875220533488,-1.39609135488046,NA,NA,0.119821919469081
428,NA,-1.43493953707688,NA,NA,-0.780700790115449,-1.35242399905945,NA,NA,0.146789714563502
429,NA,-1.45450591738606,NA,NA,-0.533752736730675,-1.66661713873685,NA,NA,0.195156206992775
430,NA,-1.47611616182296,NA,NA,0.101512097106179,-1.94719915123109,NA,NA,-0.14024437847205
431,NA,-1.47996841049039,NA,NA,-0.14304023818411,-1.65097290220956,NA,NA,-0.0617154603519923
432,NA,-1.49751753107135,NA,NA,0.338080778013379,-2.17690716255991,NA,NA,-0.41303031124521
433,NA,-1.55676285310062,NA,NA,0.226821352081298,-2.2760410710689,NA,NA,-1.23902402083974
434,NA,-1.67516456728834,NA,NA,0.149251896952188,-2.20974600381008,NA,NA,-1.91756608813818
435,NA,-1.76244122271517,NA,NA,-0.122413625193361,-1.98530780924246,NA,NA,-1.06734629678647
436,NA,-1.88499011305264,NA,NA,-0.121502268740771,-2.04259594890422,NA,NA,-0.836874305828309
437,NA,-1.96997673345151,NA,NA,0.122858540296678,-2.2459931740028,NA,NA,-0.520642340018016
438,NA,-2.00735222679094,NA,NA,0.260875996972472,-2.33571479354641,NA,NA,-0.510035868385607
439,NA,-1.9485304524265,NA,NA,0.139607913084832,-2.25257223699884,NA,NA,-0.299824830422503
440,NA,-1.95718662968482,NA,NA,0.104938388937388,-2.31989210141054,NA,NA,0.0580869561462635
441,NA,-1.92915894416549,NA,NA,0.445486568544784,-2.53307551662738,NA,NA,1.28199323211868
442,NA,-1.89515463594429,NA,NA,0.436905696081939,-2.47104363451253,NA,NA,1.6209367369271
443,NA,-1.90903502958361,NA,NA,0.285637025181211,-2.31818348890074,NA,NA,1.30201207762457
444,NA,-1.84247029491967,NA,NA,0.197315711270405,-2.23243170701908,NA,NA,1.62189941912629
445,NA,-1.75706691097591,NA,NA,-0.0756251690168746,-2.0022060446287,NA,NA,1.91559086798504
446,NA,-1.65365487381335,NA,NA,-0.490168591499384,-1.66224829665758,NA,NA,2.00580694947937
447,NA,-1.53408360800582,NA,NA,-0.716757041162244,-1.36447363912736,NA,NA,1.63101514276283
448,NA,-1.39864729262237,NA,NA,-0.895225852648948,-1.24611223879841,NA,NA,1.18693851313701
449,NA,-1.20533033791929,NA,NA,-1.08588458412881,-1.09676130456141,NA,NA,-0.00454065607372996
450,NA,-1.02402043904837,NA,NA,-0.982869677255737,-1.11309767381443,NA,NA,-0.36369262973472
451,NA,-0.841529754269658,NA,NA,-1.12415264059295,-0.898172648673484,NA,NA,-0.547015312070362
452,NA,-0.699156847641691,NA,NA,-1.16519716622746,-0.585875169369415,NA,NA,-0.367659562130881
453,NA,-0.607884881214445,NA,NA,-1.45883060480528,-0.30735417440271,NA,NA,-0.148165477400398
454,NA,-0.459711687189496,NA,NA,-1.42533767339921,-0.387129165129628,NA,NA,0.01736357042575
455,NA,-0.324413373832577,NA,NA,-1.4173824874068,-0.39980464799318,NA,NA,0.835794034789867
456,NA,-0.194541354468707,NA,NA,-1.71977172323843,-0.266726795380595,NA,NA,0.896206365608981
457,NA,-0.108156068209311,NA,NA,-1.38746248902216,-0.499167280533517,NA,NA,0.720595716305818
458,NA,-0.0126361638119048,NA,NA,-1.31577442649961,-0.430279663200325,NA,NA,0.859322015044135
459,NA,0.0550458769508156,NA,NA,-1.1208170796787,-0.601309324349839,NA,NA,0.0154494547850899
460,NA,0.0614943254844393,NA,NA,-0.931364917607931,-0.506615104441732,NA,NA,-0.765934097319183
461,NA,0.0526045215362562,NA,NA,-1.03014900120907,-0.0964600854135537,NA,NA,-0.64531551971799
462,NA,0.105453947153431,NA,NA,-0.872604434539812,-0.169770503503178,NA,NA,-0.341592289110466
463,NA,0.169472810769073,NA,NA,-0.67007845932957,-0.106515526587916,NA,NA,-0.238498444564791
464,NA,0.184105362941634,NA,NA,-0.639073101526959,0.00754999137573404,NA,NA,-0.428110814962656
465,NA,0.186309316244652,NA,NA,-0.780750914750864,0.32113765801491,NA,NA,-0.304763078642327
466,NA,0.207460296514178,NA,NA,-0.60610572743772,0.465410904537358,NA,NA,-0.292816435001402
467,NA,0.225916917830543,NA,NA,-0.326323958673958,0.54151298088485,NA,NA,-0.272835884234588
468,NA,0.189924231453231,NA,NA,0.0736422243169211,0.607303032815235,NA,NA,0.0265072579169363
469,NA,0.108172054554024,NA,NA,0.750881491606382,0.40285219823876,NA,NA,-0.10222876417673
470,NA,0.11204997483519,NA,NA,1.34056292298282,0.0117891136722084,NA,NA,0.0397813456802765
471,NA,0.161901703770173,NA,NA,1.63642280841721,-0.150835951419973,NA,NA,0.0348770022530573
472,NA,0.163676193729049,NA,NA,2.59148311534125,-0.478284702007761,NA,NA,-0.240766307521856
473,NA,0.114939019353652,NA,NA,3.00236111792561,-0.823184923148378,NA,NA,-0.223735904978381
474,NA,-0.0105634826420644,NA,NA,3.1592857858793,-1.06108809910585,NA,NA,0.0115921226422043
475,NA,-0.0468550553102542,NA,NA,3.63318261986316,-1.3330509141042,NA,NA,0.15974856981991
476,NA,-0.0450341213663465,NA,NA,3.86154663067856,-1.45822841782382,NA,NA,0.234941554979341
477,NA,-0.0866507861992811,NA,NA,4.27782419035475,-1.43414091335891,NA,NA,0.0778378909270797
478,NA,-0.111054666917213,NA,NA,4.22873132538487,-1.43484010695736,NA,NA,-0.0762720156704242
479,NA,-0.120173197347822,NA,NA,3.8093784101931,-1.16017961028713,NA,NA,0.151718659905223
480,NA,-0.10055575053174,NA,NA,3.95058972816721,-0.986253176886471,NA,NA,-0.254442990673751
481,NA,-0.0735275774252585,NA,NA,4.16386646505084,-1.0116238248479,NA,NA,0.0879232160629327
482,NA,-0.16526481252954,NA,NA,4.34913611801396,-0.990199575916648,NA,NA,-0.225612553208448
483,NA,-0.200699668473531,NA,NA,4.88256998917911,-1.2762627107108,NA,NA,-0.50645748858635
484,NA,-0.186801347392576,NA,NA,5.32892948372994,-1.33857102247056,NA,NA,0.236540604015664
485,NA,-0.172619486259934,NA,NA,5.38598602851224,-1.36122185911546,NA,NA,0.769622822062216
486,NA,-0.234568993455928,NA,NA,5.44393185348651,-1.51396561380446,NA,NA,0.477055777442162
487,NA,-0.241150462695862,NA,NA,5.61881792414107,-1.63306645660269,NA,NA,0.267516981879959
488,NA,-0.234490483459027,NA,NA,5.62450076149289,-1.78033316016189,NA,NA,-0.0176277838290219
489,NA,-0.333156003516777,NA,NA,5.88056244989938,-1.93932146991511,NA,NA,-0.101256755453938
490,NA,-0.503821932673669,NA,NA,6.13469351707776,-2.08636717252783,NA,NA,-0.256640165181718
491,NA,-0.612107752072535,NA,NA,6.02898396991494,-2.09010662310357,NA,NA,-0.105896109592989
492,NA,-0.692506659408816,NA,NA,6.01761784157116,-2.10386041060726,NA,NA,2.17609397030847
493,NA,-0.745796910167475,NA,NA,6.12877621866624,-2.14376716714224,NA,NA,4.33658835214264
494,NA,-0.826778171490375,NA,NA,6.17785017339262,-2.14862033356776,NA,NA,6.68414234684058
495,NA,-0.850291448403603,NA,NA,6.22455140275435,-2.09290482441386,NA,NA,5.27162723303055
496,NA,-0.786246719677317,NA,NA,6.02856053972353,-2.20953822264661,NA,NA,4.07596180318171
497,NA,-0.81182452035859,NA,NA,5.74574933292684,-2.16873873114846,NA,NA,5.77484061376255
498,NA,-0.793363958539072,NA,NA,5.62717123444263,-1.99325679107226,NA,NA,6.29773140212847
499,NA,-0.739643460366983,NA,NA,5.38401678215201,-1.81327906415608,NA,NA,6.03980565495048
500,NA,-0.717426417272568,NA,NA,5.08454683321895,-1.53666555197092,NA,NA,8.49888456465568
501,NA,-0.769607716666108,NA,NA,4.91339836639425,-1.51793721715485,NA,NA,9.98017623291128
502,NA,-0.823655795837513,NA,NA,4.67518890255798,-1.49395784595832,NA,NA,11.1035995623507
503,NA,-0.805382412104415,NA,NA,4.42789890857371,-1.37147525853198,NA,NA,12.4649239108466
504,NA,-0.780364790707043,NA,NA,4.12806062241535,-1.05281234710192,NA,NA,12.1216060553539
505,NA,-0.786172702913901,NA,NA,3.90795853866432,-1.12433332323275,NA,NA,14.0713053225983
506,NA,-0.780136112539412,NA,NA,3.57009636478596,-1.07660795617494,NA,NA,20.741642929544
507,NA,-0.710986240652974,NA,NA,3.21711171338382,-0.764336432518228,NA,NA,23.7034858678117
508,NA,-0.629278915145233,NA,NA,2.80036517784571,-0.609938512635521,NA,NA,21.7532901669988
509,NA,-0.645762096654825,NA,NA,2.50815175952472,-0.219188329528491,NA,NA,18.6124779522891
510,NA,-0.715821856089484,NA,NA,2.14683975599929,0.153990377982748,NA,NA,15.6293711315911
511,NA,-0.769489212232276,NA,NA,2.04212616770434,0.268336279242946,NA,NA,14.4491541778989
512,NA,-0.752030696421058,NA,NA,1.73506735108836,0.235081500469593,NA,NA,13.9561316729415
513,NA,-0.642107633622609,NA,NA,1.56028333608963,0.353951208263338,NA,NA,12.108563263442
514,NA,-0.617244420290111,NA,NA,1.10050107000164,0.675087013105774,NA,NA,10.887678128743
515,NA,-0.475712414886396,NA,NA,0.84869178443659,0.709101551929048,NA,NA,9.55551765631841
516,NA,-0.466874453650651,NA,NA,1.00749378145328,0.656593359396135,NA,NA,8.61831431741158
517,NA,-0.436027391792862,NA,NA,1.13493608047922,0.678529963457768,NA,NA,9.62747873639382
518,NA,-0.425202953368261,NA,NA,1.47304140430892,0.573166743095588,NA,NA,9.51682868815433
519,NA,-0.384620001999734,NA,NA,1.56464958446518,0.305494306108641,NA,NA,9.49877539147593
520,NA,-0.321600680951605,NA,NA,1.29716752649078,0.398150189334202,NA,NA,9.57607909512185
521,NA,-0.30681732965733,NA,NA,1.24576990606712,0.108193592390156,NA,NA,9.80892066067088
522,NA,-0.214548044194966,NA,NA,1.02837392388922,-0.0719149766005913,NA,NA,10.0369898412528
523,NA,-0.109031315060367,NA,NA,0.938400659004337,0.195542762403502,NA,NA,10.2032401147345
524,NA,-0.0455141666511182,NA,NA,0.85615104676623,0.147358836416932,NA,NA,10.1657080293181
525,NA,-0.0338066356311232,NA,NA,0.633624873398211,0.186848285598764,NA,NA,10.961943937747
526,NA,-0.0439863959235711,NA,NA,0.555749402370919,-0.07487642523063,NA,NA,10.0882191496937
527,NA,-0.0281813036235126,NA,NA,0.546274068581478,-0.107176901149618,NA,NA,10.2708335236935
528,NA,-0.0139460688267417,NA,NA,0.774956896722445,-0.427549442100477,NA,NA,10.5516143893105
529,NA,0.00332639515830772,NA,NA,0.782249340990668,-0.559944021092663,NA,NA,10.977550739877
530,NA,0.0457111207981938,NA,NA,0.626401125741959,-0.450335281273806,NA,NA,11.8142194337274
531,NA,0.113284453155255,NA,NA,0.531627746416514,-0.449304848670939,NA,NA,12.0148706343707
532,NA,0.162433367408442,NA,NA,0.471683853011868,-0.545931099356295,NA,NA,11.7907017934168
533,NA,NA,NA,-3.69645539389843,0.181247301986829,-0.580764644626633,NA,NA,11.7914951166465
534,NA,NA,NA,-3.30785364108723,0.404373463272747,-0.848594939667719,NA,NA,10.9497937245825
535,NA,NA,NA,-3.64672067134908,0.497232909599987,-0.777404929268546,NA,NA,10.967476324119
536,NA,NA,NA,-3.64449329141947,0.609892070074386,-0.864175465690466,NA,NA,11.3105040354856
537,NA,NA,NA,-3.92186370866412,0.507316331255816,-0.788580958106031,NA,NA,10.0485579058563
538,NA,NA,NA,-3.69512228233351,0.282160779651977,-0.745355840004059,NA,NA,10.3022787442985
539,NA,NA,NA,-3.92575932253231,0.236958138306354,-0.514196931807986,NA,NA,9.58823260574849
540,NA,NA,NA,-4.20260479950889,0.0855363269480503,-0.302366326483797,NA,NA,8.93680258438403
541,NA,NA,NA,-4.18084020203949,1.02763426076745,-0.941147995083022,NA,NA,8.56476783598987
542,NA,NA,NA,-4.20466798087864,0.939688776933912,-0.727253314828323,NA,NA,8.92308967150938
543,NA,NA,NA,-3.94228434622231,0.745649836968364,-0.765606063806893,NA,NA,8.47200854266911
544,NA,NA,NA,-3.7397753506287,0.400068664003136,-0.468864002691528,NA,NA,7.79123729756505
545,NA,NA,NA,-3.65550525750543,0.460743742830001,-0.380912130523826,NA,NA,5.1097437788288
546,NA,NA,NA,-3.74259909801163,0.984244990901161,-0.694389031218601,NA,NA,5.79257010692598
547,NA,NA,NA,-3.88206350788692,1.41890311274217,-1.07598257130058,NA,NA,3.36065793764774
548,NA,NA,NA,-3.85441238192665,1.64521820194395,-1.24338487809393,NA,NA,1.62224739181758
549,NA,NA,NA,-3.73967805472915,1.91492264208788,-1.46413069380736,NA,NA,4.50112653386058
550,NA,NA,NA,-3.68145887544932,1.75088915234404,-1.32785013671765,NA,NA,3.12361981316138
551,NA,NA,NA,-3.49257765263489,1.46722800226134,-1.12020938190148,NA,NA,3.79966456706091
552,NA,NA,NA,-3.43221190183516,1.47465322159083,-1.18778309193338,NA,NA,3.27779415317223
553,NA,NA,NA,-2.87304519443811,1.60277198994063,-1.23870262423559,NA,NA,4.07170511185797
554,NA,NA,NA,-2.94642672801814,1.60642475582355,-1.07404791854093,NA,NA,4.08106432433662
555,NA,NA,NA,-3.02248791586325,1.61415507191483,-0.854432291263765,NA,NA,3.62130656714085
556,NA,NA,NA,-2.2653668449755,1.39266188177721,-0.905013540565786,NA,NA,3.50026467611338
557,NA,NA,NA,-2.2760069268288,1.49847236961688,-0.911501185239668,NA,NA,3.21532907532308
558,NA,NA,NA,-2.65606224019844,1.73099001559294,-0.848942451949706,NA,NA,3.37037505552116
559,NA,NA,NA,-2.70397385189587,1.9095690170315,-0.828310843452984,NA,NA,3.32571198622391
560,NA,NA,NA,-2.47298290972977,1.93379726446986,-0.649880293400586,NA,NA,3.46170557713684
561,NA,NA,NA,-2.16153617679129,1.8556211298085,-0.761876491554865,NA,NA,2.76868472449295
562,NA,NA,NA,-1.6974994638586,1.64235886184325,-0.692248339281704,NA,NA,2.79260840339358
563,NA,NA,NA,-1.2126076386654,1.51554499727051,-0.610909415029575,NA,NA,2.58681815830681
564,NA,NA,NA,-1.11144045816899,1.57310213627791,-0.582666069593103,NA,NA,2.80990655842358
565,NA,NA,NA,-0.993220385287199,1.73318206831125,-0.740424862000681,NA,NA,3.06670532466557
566,NA,NA,NA,-1.38013529353188,2.06073194083165,-0.815700947870554,NA,NA,3.61078287463851
567,NA,NA,NA,-0.958350687935865,2.36631892123845,-1.10950112955939,NA,NA,4.1164440109822
568,NA,NA,NA,-1.54130724372231,2.5838308446142,-1.19564965082736,NA,NA,4.70144173371484
569,NA,NA,NA,-0.748900894844946,2.93364685426952,-1.3859211609748,NA,NA,5.02137038989911
570,NA,NA,NA,-0.555689219103798,2.98714790426635,-1.48235589616949,NA,NA,5.22733484368785
571,NA,NA,NA,0.0421042429855468,2.52695222328655,-1.52327486442619,NA,NA,5.20027576905638
572,NA,NA,NA,0.166984560361475,2.37189086725423,-1.30213028479798,NA,NA,4.17434636759592
573,NA,NA,NA,0.501211959167028,2.04545319513124,-0.976826286338731,NA,NA,3.85887152849093
574,NA,NA,NA,1.53884237533491,1.726340554246,-0.812020229119196,NA,NA,2.80434578716067
575,NA,NA,NA,2.41944698884314,1.64051518057344,-0.795799436681059,NA,NA,2.00618168289789
576,NA,NA,NA,3.01774165944466,1.29561014324568,-0.404365194728995,NA,NA,0.715227340088398
577,NA,NA,NA,3.92253633650504,0.971593985517129,-0.035411759722385,NA,NA,0.481500265009149
578,NA,NA,NA,5.15506424599564,0.595876259654151,0.346336199636971,NA,NA,-0.215987832339796
579,NA,NA,NA,5.6137327636671,0.561597903527052,0.561559986636931,NA,NA,-0.763590057401573
580,NA,NA,NA,6.22696053766821,0.645858961256685,0.802152775068241,NA,NA,-0.147579844368778
581,NA,NA,NA,6.62048278875061,0.843244185627751,0.946928238041148,NA,NA,-1.18438117988707
582,NA,NA,NA,6.54900192303889,1.22888314653247,1.27762407524682,NA,NA,-1.55023816164087
583,NA,NA,NA,6.42643873257463,1.94698661403444,1.41269960581204,NA,NA,-2.00173464654693
584,NA,NA,NA,5.94308160304664,2.45106101418079,1.6859396875819,NA,NA,-1.0207957945328
585,NA,NA,NA,5.73612111928976,2.71829753960287,1.95224969981832,NA,NA,0.151879361048063
586,NA,NA,NA,5.70860770235782,2.69368251089375,2.18506286692088,NA,NA,0.3739866227366
