<?xml version="1.0"?>
<!--<!DOCTYPE metadata SYSTEM "http://www.esri.com/metadata/esriprof80.dtd">-->
<metadata xml:lang="en"><Esri><CreaDate>20101112</CreaDate><CreaTime>08495700</CreaTime><SyncOnce>FALSE</SyncOnce><SyncDate>20090102</SyncDate><SyncTime>09310400</SyncTime><ModDate>20090102</ModDate><ModTime>09310400</ModTime><DataProperties><lineage><Process ToolSource="C:\Program Files\ArcGIS\ArcToolbox\Toolboxes\Data Management Tools.tbx\CopyFeatures" Date="20070403" Time="091554">CopyFeatures \\Cbstore1\vector\Vectorization_TGS_Projects\TGS_MR\ph83\finals\ph83\arc \\Cbstore1\vector\Vectorization_TGS_Projects\TGS_MR\ph83\PH83.mdb\final83\ph83_arc # 0 0 0</Process><Process Name="Merge_1" ToolSource="C:\Program Files\ArcGIS\ArcToolbox\Toolboxes\Data Management Tools.tbx\Merge" Date="20081017" Time="102001">Merge ph83_shorelines_GCS83;ph83a_shorelines_GCS83 C:\cj\gisdata\NOAA_tsheets_2008\1950s\ph83_shorelines_GCS83_Merge.shp "OBJECTID OBJECTID true false false 9 Long 0 9 ,First,#,ph83_shorelines_GCS83,OBJECTID,-1,-1,ph83a_shorelines_GCS83,OBJECTID,-1,-1;FNODE_ FNODE_ true false false 9 Long 0 9 ,First,#,ph83_shorelines_GCS83,FNODE_,-1,-1;TNODE_ TNODE_ true false false 9 Long 0 9 ,First,#,ph83_shorelines_GCS83,TNODE_,-1,-1;LPOLY_ LPOLY_ true false false 9 Long 0 9 ,First,#,ph83_shorelines_GCS83,LPOLY_,-1,-1;RPOLY_ RPOLY_ true false false 9 Long 0 9 ,First,#,ph83_shorelines_GCS83,RPOLY_,-1,-1;LENGTH LENGTH true false false 19 Double 0 0 ,First,#,ph83_shorelines_GCS83,LENGTH,-1,-1;PH83_ PH83_ true false false 9 Long 0 9 ,First,#,ph83_shorelines_GCS83,PH83_,-1,-1;PH83_ID PH83_ID true false false 9 Long 0 9 ,First,#,ph83_shorelines_GCS83,PH83_ID,-1,-1;F_CODE F_CODE true false false 9 Long 0 9 ,First,#,ph83_shorelines_GCS83,F_CODE,-1,-1;F_NAME F_NAME true false false 20 Text 0 0 ,First,#,ph83_shorelines_GCS83,F_NAME,-1,-1;T_SHEET_ T_SHEET_ true false false 10 Text 0 0 ,First,#,ph83_shorelines_GCS83,T_SHEET_,-1,-1;INDEX_ INDEX_ true false false 10 Text 0 0 ,First,#,ph83_shorelines_GCS83,INDEX_,-1,-1;SCALE SCALE true false false 9 Long 0 9 ,First,#,ph83_shorelines_GCS83,SCALE,-1,-1,ph83a_shorelines_GCS83,Scale,-1,-1;SURVEYDATE SURVEYDATE true true false 8 Date 0 0 ,First,#,ph83_shorelines_GCS83,SURVEYDATE,-1,-1;GISDATE GISDATE true true false 8 Date 0 0 ,First,#,ph83_shorelines_GCS83,GISDATE,-1,-1;Shape_Leng Shape_Leng true false false 19 Double 0 0 ,First,#,ph83_shorelines_GCS83,Shape_Leng,-1,-1,ph83a_shorelines_GCS83,SHAPE_Leng,-1,-1;Data_Sourc Data_Sourc true false false 1 Text 0 0 ,First,#,ph83a_shorelines_GCS83,Data_Sourc,-1,-1;Feature Feature true false false 4 Short 0 4 ,First,#,ph83a_shorelines_GCS83,Feature,-1,-1;Extract_Te Extract_Te true false false 1 Text 0 0 ,First,#,ph83a_shorelines_GCS83,Extract_Te,-1,-1;Inform Inform true false false 32 Text 0 0 ,First,#,ph83a_shorelines_GCS83,Inform,-1,-1;SRC_Date SRC_Date true true false 8 Date 0 0 ,First,#,ph83a_shorelines_GCS83,SRC_Date,-1,-1;Source_ID Source_ID true false false 16 Text 0 0 ,First,#,ph83a_shorelines_GCS83,Source_ID,-1,-1;Ext_Meth Ext_Meth true false false 1 Text 0 0 ,First,#,ph83a_shorelines_GCS83,Ext_Meth,-1,-1;GIS_Date GIS_Date true true false 8 Date 0 0 ,First,#,ph83a_shorelines_GCS83,GIS_Date,-1,-1"</Process><Process Name="Merge_2" ToolSource="C:\Program Files\ArcGIS\ArcToolbox\Toolboxes\Data Management Tools.tbx\Merge" Date="20081017" Time="133250">Merge ph83_GCS_NAD83_islands;ga201to301_GCS_NAD83_islands;ec127c01_GCS_NAD83_islands;ec16a01_cj_revised_GCS_NAD83_islands;ga1970s_orthomaps_GCS_NAD83_islands C:\cj\gisdata\CJ_2008_Shoreline_Database\shorelines_GCS_NAD83_islands_raw1.shp "OBJECTID OBJECTID true false false 9 Long 0 9 ,First,#,ph83_GCS_NAD83_islands,OBJECTID,-1,-1,ga201to301_GCS_NAD83_islands,OBJECTID,-1,-1,ec127c01_GCS_NAD83_islands,OBJECTID,-1,-1,ec16a01_cj_revised_GCS_NAD83_islands,OBJECTID,-1,-1;F_NAME F_NAME true false false 20 Text 0 0 ,First,#,ph83_GCS_NAD83_islands,F_NAME,-1,-1;INDEX_ INDEX_ true false false 10 Text 0 0 ,First,#,ph83_GCS_NAD83_islands,INDEX_,-1,-1;SCALE SCALE true false false 9 Long 0 9 ,First,#,ph83_GCS_NAD83_islands,SCALE,-1,-1;Data_Sourc Data_Sourc true false false 1 Text 0 0 ,First,#,ph83_GCS_NAD83_islands,Data_Sourc,-1,-1,ga201to301_GCS_NAD83_islands,DATA_SOURC,-1,-1,ec127c01_GCS_NAD83_islands,DATA_SOURC,-1,-1,ec16a01_cj_revised_GCS_NAD83_islands,DATA_SOURC,-1,-1;Feature Feature true false false 4 Short 0 4 ,First,#,ph83_GCS_NAD83_islands,Feature,-1,-1,ga201to301_GCS_NAD83_islands,FEATURE,-1,-1,ec127c01_GCS_NAD83_islands,FEATURE,-1,-1,ec16a01_cj_revised_GCS_NAD83_islands,FEATURE,-1,-1;Inform Inform true false false 32 Text 0 0 ,First,#,ph83_GCS_NAD83_islands,Inform,-1,-1,ga201to301_GCS_NAD83_islands,INFORM,-1,-1,ec127c01_GCS_NAD83_islands,INFORM,-1,-1,ec16a01_cj_revised_GCS_NAD83_islands,INFORM,-1,-1;Source_ID Source_ID true false false 16 Text 0 0 ,First,#,ph83_GCS_NAD83_islands,Source_ID,-1,-1,ga201to301_GCS_NAD83_islands,SOURCE_ID,-1,-1,ec127c01_GCS_NAD83_islands,SOURCE_ID,-1,-1,ec16a01_cj_revised_GCS_NAD83_islands,SOURCE_ID,-1,-1,ga1970s_orthomaps_GCS_NAD83_islands,SOURCE_ID,-1,-1;Ext_Meth Ext_Meth true false false 1 Text 0 0 ,First,#,ph83_GCS_NAD83_islands,Ext_Meth,-1,-1;GIS_Date GIS_Date true true false 8 Date 0 0 ,First,#,ph83_GCS_NAD83_islands,GIS_Date,-1,-1;SRCDate1 SRCDate1 true false false 50 Text 0 0 ,First,#,ph83_GCS_NAD83_islands,SRCDate1,-1,-1,ga1970s_orthomaps_GCS_NAD83_islands,SRCDate1,-1,-1;FID_1 FID_1 true false false 9 Long 0 9 ,First,#,ga201to301_GCS_NAD83_islands,FID_1,-1,-1;SRC_DATE SRC_DATE true false false 8 Text 0 0 ,First,#,ga201to301_GCS_NAD83_islands,SRC_DATE,-1,-1,ec127c01_GCS_NAD83_islands,SRC_DATE,-1,-1,ec16a01_cj_revised_GCS_NAD83_islands,SRC_DATE,-1,-1;HOR_ACC HOR_ACC true false false 6 Text 0 0 ,First,#,ga201to301_GCS_NAD83_islands,HOR_ACC,-1,-1,ec127c01_GCS_NAD83_islands,HOR_ACC,-1,-1,ec16a01_cj_revised_GCS_NAD83_islands,HOR_ACC,-1,-1;RESOLUTION RESOLUTION true false false 19 Double 9 18 ,First,#,ga201to301_GCS_NAD83_islands,RESOLUTION,-1,-1,ec127c01_GCS_NAD83_islands,RESOLUTION,-1,-1,ec16a01_cj_revised_GCS_NAD83_islands,RESOLUTION,-1,-1;ATTRIBUTE ATTRIBUTE true false false 50 Text 0 0 ,First,#,ga201to301_GCS_NAD83_islands,ATTRIBUTE,-1,-1,ec127c01_GCS_NAD83_islands,ATTRIBUTE,-1,-1,ec16a01_cj_revised_GCS_NAD83_islands,ATTRIBUTE,-1,-1;CLASS CLASS true false false 32 Text 0 0 ,First,#,ga201to301_GCS_NAD83_islands,CLASS,-1,-1,ec127c01_GCS_NAD83_islands,CLASS,-1,-1,ec16a01_cj_revised_GCS_NAD83_islands,CLASS,-1,-1;EX_METH EX_METH true false false 1 Text 0 0 ,First,#,ga201to301_GCS_NAD83_islands,EX_METH,-1,-1,ec127c01_GCS_NAD83_islands,EX_METH,-1,-1,ec16a01_cj_revised_GCS_NAD83_islands,EX_METH,-1,-1;EXTRACT_TE EXTRACT_TE true false false 1 Text 0 0 ,First,#,ga201to301_GCS_NAD83_islands,EXTRACT_TE,-1,-1,ec127c01_GCS_NAD83_islands,EXTRACT_TE,-1,-1,ec16a01_cj_revised_GCS_NAD83_islands,EXTRACT_TE,-1,-1;NGS_proj NGS_proj true false false 50 Text 0 0 ,First,#,ga201to301_GCS_NAD83_islands,NGS_proj,-1,-1;DATE_ DATE_ true false false 22 Text 0 0 ,First,#,ga201to301_GCS_NAD83_islands,DATE_,-1,-1;ACCURACY ACCURACY true false false 4 Short 0 4 ,First,#,ga201to301_GCS_NAD83_islands,ACCURACY,-1,-1;FID_2 FID_2 true false false 9 Long 0 9 ,First,#,ga201to301_GCS_NAD83_islands,FID_2,-1,-1;Id Id true false false 6 Long 0 6 ,First,#,ga201to301_GCS_NAD83_islands,Id,-1,-1,ga1970s_orthomaps_GCS_NAD83_islands,Id,-1,-1;Island Island true false false 50 Text 0 0 ,First,#,ga201to301_GCS_NAD83_islands,Island,-1,-1;F_CODE F_CODE true false false 19 Double 9 18 ,First,#,ec127c01_GCS_NAD83_islands,F_CODE,-1,-1,ec16a01_cj_revised_GCS_NAD83_islands,F_CODE,-1,-1"</Process><Process ToolSource="C:\Program Files\ArcGIS\ArcToolbox\Toolboxes\Data Management Tools.tbx\CopyFeatures" Date="20081020" Time="184429">CopyFeatures TempLayer C:\cj\gisdata\CJ_2008_Shoreline_Database\explode\ga1857to70.shp # 0 0 0</Process><Process Name="Merge_1" ToolSource="C:\Program Files\ArcGIS\ArcToolbox\Toolboxes\Data Management Tools.tbx\Merge" Date="20081116" Time="175624">Merge ga1857to70;ga1924to25;ga1933;ga1951;ga1974;ga1993;ga2002to04;ga2006 C:\cj\gisdata\CJ_2008_Shoreline_Database\GA_historic_shores_20081116.shp "OBJECTID OBJECTID true false false 9 Long 0 9 ,First,#,ga1857to70,OBJECTID,-1,-1,ga1924to25,OBJECTID,-1,-1,ga1933,OBJECTID,-1,-1,ga1951,OBJECTID,-1,-1,ga1974,OBJECTID,-1,-1,ga2002to04,OBJECTID,-1,-1;SOURCE_ID SOURCE_ID true false false 16 Text 0 0 ,First,#,ga1857to70,SOURCE_ID,-1,-1,ga1924to25,SOURCE_ID,-1,-1,ga1933,SOURCE_ID,-1,-1,ga1951,SOURCE_ID,-1,-1,ga1974,SOURCE_ID,-1,-1,ga2002to04,SOURCE_ID,-1,-1;AVG_ERROR AVG_ERROR true false false 19 Double 11 18 ,First,#,ga1857to70,AVG_ERROR,-1,-1,ga1933,AVG_ERROR,-1,-1,ga1951,AVG_ERROR,-1,-1,ga1974,AVG_ERROR,-1,-1,ga2002to04,AVG_ERROR,-1,-1;MAX_ERROR MAX_ERROR true false false 19 Double 11 18 ,First,#,ga1857to70,MAX_ERROR,-1,-1,ga1933,MAX_ERROR,-1,-1,ga1951,MAX_ERROR,-1,-1,ga1974,MAX_ERROR,-1,-1,ga2002to04,MAX_ERROR,-1,-1;ERROR9987 ERROR9987 true false false 4 Short 0 4 ,First,#,ga1857to70,ERROR9987,-1,-1,ga1933,ERROR9987,-1,-1,ga1951,ERROR9987,-1,-1,ga1974,ERROR9987,-1,-1,ga2002to04,ERROR9987,-1,-1;NOS_FEATUR NOS_FEATUR true false false 4 Short 0 4 ,First,#,ga1857to70,NOS_FEATUR,-1,-1,ga1933,NOS_FEATUR,-1,-1,ga1951,NOS_FEATUR,-1,-1,ga1974,NOS_FEATUR,-1,-1,ga2002to04,NOS_FEATUR,-1,-1;NOS_INFORM NOS_INFORM true false false 50 Text 0 0 ,First,#,ga1857to70,NOS_INFORM,-1,-1,ga1933,NOS_INFORM,-1,-1,ga1951,NOS_INFORM,-1,-1,ga1974,NOS_INFORM,-1,-1,ga2002to04,NOS_INFORM,-1,-1;NOS_ATTRIB NOS_ATTRIB true false false 50 Text 0 0 ,First,#,ga1857to70,NOS_ATTRIB,-1,-1,ga1933,NOS_ATTRIB,-1,-1,ga1951,NOS_ATTRIB,-1,-1,ga1974,NOS_ATTRIB,-1,-1,ga2002to04,NOS_ATTRIB,-1,-1;NOS_CLASS NOS_CLASS true false false 50 Text 0 0 ,First,#,ga1857to70,NOS_CLASS,-1,-1,ga1933,NOS_CLASS,-1,-1,ga1951,NOS_CLASS,-1,-1,ga1974,NOS_CLASS,-1,-1,ga2002to04,NOS_CLASS,-1,-1;DATE_ DATE_ true false false 254 Text 0 0 ,First,#,ga1857to70,DATE_,-1,-1,ga1924to25,DATE_,-1,-1,ga1933,DATE_,-1,-1,ga1951,DATE_,-1,-1,ga1974,DATE_,-1,-1,ga1993,DATE_,-1,-1,ga2002to04,DATE_,-1,-1,ga2006,DATE_,-1,-1;ACCURACY ACCURACY true false false 19 Double 11 18 ,First,#,ga1857to70,ACCURACY,-1,-1,ga1924to25,ACCURACY,-1,-1,ga1933,ACCURACY,-1,-1,ga1951,ACCURACY,-1,-1,ga1974,ACCURACY,-1,-1,ga1993,ACCURACY,-1,-1,ga2002to04,ACCURACY,-1,-1,ga2006,ACCURACY,-1,-1;SHORE_LOC SHORE_LOC true false false 254 Text 0 0 ,First,#,ga1857to70,SHORE_LOC,-1,-1,ga1924to25,SHORE_LOC,-1,-1,ga1933,SHORE_LOC,-1,-1,ga1951,SHORE_LOC,-1,-1,ga1974,SHORE_LOC,-1,-1,ga1993,SHORE_LOC,-1,-1,ga2002to04,SHORE_LOC,-1,-1,ga2006,SHORE_LOC,-1,-1;CLASS_1 CLASS_1 true false false 254 Text 0 0 ,First,#,ga1857to70,CLASS_1,-1,-1,ga1924to25,CLASS_1,-1,-1,ga1933,CLASS_1,-1,-1,ga1951,CLASS_1,-1,-1,ga1974,CLASS_1,-1,-1,ga1993,CLASS_1,-1,-1,ga2002to04,CLASS_1,-1,-1,ga2006,CLASS_1,-1,-1;CLASS_2 CLASS_2 true false false 254 Text 0 0 ,First,#,ga1857to70,CLASS_2,-1,-1,ga1924to25,CLASS_2,-1,-1,ga1933,CLASS_2,-1,-1,ga1951,CLASS_2,-1,-1,ga1974,CLASS_2,-1,-1,ga1993,CLASS_2,-1,-1,ga2002to04,CLASS_2,-1,-1,ga2006,CLASS_2,-1,-1;CLASS_3 CLASS_3 true false false 254 Text 0 0 ,First,#,ga1857to70,CLASS_3,-1,-1,ga1924to25,CLASS_3,-1,-1,ga1933,CLASS_3,-1,-1,ga1951,CLASS_3,-1,-1,ga1974,CLASS_3,-1,-1,ga1993,CLASS_3,-1,-1,ga2002to04,CLASS_3,-1,-1,ga2006,CLASS_3,-1,-1;YEAR YEAR true false false 4 Short 0 4 ,First,#,ga1857to70,YEAR,-1,-1,ga1933,YEAR,-1,-1,ga1951,YEAR,-1,-1,ga1974,YEAR,-1,-1,ga2002to04,YEAR,-1,-1;GROUP GROUP true false false 50 Text 0 0 ,First,#,ga1857to70,GROUP,-1,-1,ga1933,GROUP,-1,-1,ga1951,GROUP,-1,-1,ga1974,GROUP,-1,-1,ga2002to04,GROUP,-1,-1;LOCALITY LOCALITY true false false 50 Text 0 0 ,First,#,ga1857to70,LOCALITY,-1,-1,ga1933,LOCALITY,-1,-1,ga1951,LOCALITY,-1,-1,ga1974,LOCALITY,-1,-1,ga2002to04,LOCALITY,-1,-1;FEATURE FEATURE true false false 4 Short 0 4 ,First,#,ga1924to25,FEATURE,-1,-1;SRC_DATE SRC_DATE true true false 8 Date 0 0 ,First,#,ga1924to25,SRC_DATE,-1,-1;SCALE SCALE true false false 9 Long 0 9 ,First,#,ga1924to25,SCALE,-1,-1,ga1993,SCALE,-1,-1;GIS_DATE GIS_DATE true true false 8 Date 0 0 ,First,#,ga1924to25,GIS_DATE,-1,-1;ID ID true false false 8 Long 0 8 ,First,#,ga1993,ID,-1,-1,ga2006,Id,-1,-1;TYPE TYPE true false false 20 Text 0 0 ,First,#,ga1993,TYPE,-1,-1;LOCATION LOCATION true false false 25 Text 0 0 ,First,#,ga1993,LOCATION,-1,-1;SOURCE SOURCE true false false 32 Text 0 0 ,First,#,ga1993,SOURCE,-1,-1;DESCR DESCR true false false 64 Text 0 0 ,First,#,ga1993,DESCR,-1,-1;FLIGHT FLIGHT true false false 25 Text 0 0 ,First,#,ga1993,FLIGHT,-1,-1"</Process><Process Name="Project_2" ToolSource="C:\Program Files\ArcGIS\ArcToolbox\Toolboxes\Data Management Tools.tbx\Project" Date="20090102" Time="092828">Project C:\cj\gisdata\CJ_2008_Shoreline_Database\GA_historic_shores_20081116.shp C:\cj\gisdata\CJ_2008_Shoreline_Database\GA_historic_shores_20090102_utm_.shp PROJCS['NAD_1983_UTM_Zone_17N',GEOGCS['GCS_North_American_1983',DATUM['D_North_American_1983',SPHEROID['GRS_1980',6378137.0,298.257222101]],PRIMEM['Greenwich',0.0],UNIT['Degree',0.0174532925199433]],PROJECTION['Transverse_Mercator'],PARAMETER['False_Easting',500000.0],PARAMETER['False_Northing',0.0],PARAMETER['Central_Meridian',-81.0],PARAMETER['Scale_Factor',0.9996],PARAMETER['Latitude_Of_Origin',0.0],UNIT['Meter',1.0]] # GEOGCS['GCS_North_American_1983',DATUM['D_North_American_1983',SPHEROID['GRS_1980',6378137.0,298.257222101]],PRIMEM['Greenwich',0.0],UNIT['Degree',0.0174532925199433]]</Process><Process ToolSource="C:\Program Files\ArcGIS\ArcToolbox\Toolboxes\Data Management Tools.tbx\CopyFeatures" Date="20090102" Time="093105">CopyFeatures TempLayer C:\cj\gisdata\analyses_20090101\GA_historic_shores_20090102_utm_Jekyll.shp # 0 0 0</Process></lineage></DataProperties><MetaID>{2225ED85-07B7-440A-BFF7-0C77525F2973}</MetaID></Esri><idinfo><native Sync="TRUE">Microsoft Windows XP Version 5.1 (Build 2600) Service Pack 3; ESRI ArcCatalog 9.2.0.1324</native><descript><langdata Sync="TRUE">en</langdata><abstract>REQUIRED: A brief narrative summary of the data set.</abstract><purpose>REQUIRED: A summary of the intentions with which the data set was developed.</purpose></descript><citation><citeinfo><origin>REQUIRED: The name of an organization or individual that developed the data set.</origin><pubdate>REQUIRED: The date when the data set is published or otherwise made available for release.</pubdate><title Sync="TRUE">GA_historic_shores_20090102_utm_Jekyll</title><ftname Sync="TRUE">GA_historic_shores_20090102_utm_Jekyll</ftname><geoform Sync="TRUE">vector digital data</geoform><onlink Sync="TRUE">\\CJACKSON\C$\Documents and Settings\cj\Desktop\Copy of ambur_workshop\jekyll_island_data\smoothed_baselines\jekyll_shorelines_utm</onlink></citeinfo></citation><timeperd><current>REQUIRED: The basis on which the time period of content information is determined.</current><timeinfo><sngdate><caldate>REQUIRED: The year (and optionally month, or month and day) for which the data set corresponds to the ground.</caldate></sngdate></timeinfo></timeperd><status><progress>REQUIRED: The state of the data set.</progress><update>REQUIRED: The frequency with which changes and additions are made to the data set after the initial data set is completed.</update></status><spdom><bounding><westbc Sync="TRUE">REQUIRED: Western-most coordinate of the limit of coverage expressed in longitude.</westbc><eastbc Sync="TRUE">REQUIRED: Eastern-most coordinate of the limit of coverage expressed in longitude.</eastbc><northbc Sync="TRUE">REQUIRED: Northern-most coordinate of the limit of coverage expressed in latitude.</northbc><southbc Sync="TRUE">REQUIRED: Southern-most coordinate of the limit of coverage expressed in latitude.</southbc></bounding></spdom><keywords><theme><themekt>REQUIRED: Reference to a formally registered thesaurus or a similar authoritative source of theme keywords.</themekt><themekey>REQUIRED: Common-use word or phrase used to describe the subject of the data set.</themekey></theme></keywords><accconst>REQUIRED: Restrictions and legal prerequisites for accessing the data set.</accconst><useconst>REQUIRED: Restrictions and legal prerequisites for using the data set after access is granted.</useconst><natvform Sync="TRUE">Shapefile</natvform></idinfo><dataIdInfo><envirDesc Sync="TRUE">Microsoft Windows XP Version 5.1 (Build 2600) Service Pack 3; ESRI ArcCatalog 9.2.0.1324</envirDesc><dataLang><languageCode Sync="TRUE" value="en"></languageCode></dataLang><idCitation><resTitle Sync="TRUE">GA_historic_shores_20090102_utm_Jekyll</resTitle><presForm><PresFormCd Sync="TRUE" value="005"></PresFormCd></presForm></idCitation><spatRpType><SpatRepTypCd Sync="TRUE" value="001"></SpatRepTypCd></spatRpType></dataIdInfo><metainfo><langmeta Sync="TRUE">en</langmeta><metstdn Sync="TRUE">FGDC Content Standards for Digital Geospatial Metadata</metstdn><metstdv Sync="TRUE">FGDC-STD-001-1998</metstdv><mettc Sync="TRUE">local time</mettc><metc><cntinfo><cntorgp><cntper>REQUIRED: The person responsible for the metadata information.</cntper><cntorg>REQUIRED: The organization responsible for the metadata information.</cntorg></cntorgp><cntaddr><addrtype>REQUIRED: The mailing and/or physical address for the organization or individual.</addrtype><city>REQUIRED: The city of the address.</city><state>REQUIRED: The state or province of the address.</state><postal>REQUIRED: The ZIP or other postal code of the address.</postal></cntaddr><cntvoice>REQUIRED: The telephone number by which individuals can speak to the organization or individual.</cntvoice></cntinfo></metc><metd Sync="TRUE">20090102</metd><metextns><onlink Sync="TRUE">http://www.esri.com/metadata/esriprof80.html</onlink><metprof Sync="TRUE">ESRI Metadata Profile</metprof></metextns></metainfo><mdLang><languageCode Sync="TRUE" value="en"></languageCode></mdLang><mdStanName Sync="TRUE">ISO 19115 Geographic Information - Metadata</mdStanName><mdStanVer Sync="TRUE">DIS_ESRI1.0</mdStanVer><mdChar><CharSetCd Sync="TRUE" value="004"></CharSetCd></mdChar><mdHrLv><ScopeCd Sync="TRUE" value="005"></ScopeCd></mdHrLv><mdHrLvName Sync="TRUE">dataset</mdHrLvName><distinfo><resdesc Sync="TRUE">Downloadable Data</resdesc><stdorder><digform><digtinfo><transize Sync="TRUE">0.000</transize><dssize Sync="TRUE">0.000</dssize></digtinfo></digform></stdorder></distinfo><distInfo><distributor><distorTran><onLineSrc><orDesc Sync="TRUE">002</orDesc><linkage Sync="TRUE">file://\\CJACKSON\C$\Documents and Settings\cj\Desktop\Copy of ambur_workshop\jekyll_island_data\smoothed_baselines\jekyll_shorelines_utm</linkage><protocol Sync="TRUE">Local Area Network</protocol></onLineSrc><transSize Sync="TRUE">0.000</transSize></distorTran><distorFormat><formatName Sync="TRUE">Shapefile</formatName></distorFormat></distributor></distInfo><spdoinfo><direct Sync="TRUE">Vector</direct><ptvctinf><esriterm Name="GA_historic_shores_20090102_utm_Jekyll"><efeatyp Sync="TRUE">Simple</efeatyp><efeageom Sync="TRUE">Polyline</efeageom><esritopo Sync="TRUE">FALSE</esritopo><efeacnt Sync="TRUE">0</efeacnt><spindex Sync="TRUE">FALSE</spindex><linrefer Sync="TRUE">FALSE</linrefer></esriterm><sdtsterm Name="GA_historic_shores_20090102_utm_Jekyll"><sdtstype Sync="TRUE">String</sdtstype><ptvctcnt Sync="TRUE">0</ptvctcnt></sdtsterm></ptvctinf></spdoinfo><spref><horizsys><cordsysn><geogcsn Sync="TRUE">GCS_North_American_1983</geogcsn><projcsn Sync="TRUE">NAD_1983_UTM_Zone_17N</projcsn></cordsysn><geodetic><horizdn Sync="TRUE">North American Datum of 1983</horizdn><ellips Sync="TRUE">Geodetic Reference System 80</ellips><semiaxis Sync="TRUE">6378137.000000</semiaxis><denflat Sync="TRUE">298.257222</denflat></geodetic><planar><gridsys><gridsysn Sync="TRUE">Universal Transverse Mercator</gridsysn><utm><utmzone Sync="TRUE">17</utmzone><transmer><sfctrmer Sync="TRUE">0.999600</sfctrmer><longcm Sync="TRUE">-81.000000</longcm><latprjo Sync="TRUE">0.000000</latprjo><feast Sync="TRUE">500000.000000</feast><fnorth Sync="TRUE">0.000000</fnorth></transmer></utm></gridsys><planci><plance Sync="TRUE">coordinate pair</plance><plandu Sync="TRUE">meters</plandu><coordrep><absres Sync="TRUE">0.000000</absres><ordres Sync="TRUE">0.000000</ordres></coordrep></planci></planar></horizsys><vertdef><altsys><altenc Sync="TRUE">Explicit elevation coordinate included with horizontal coordinates</altenc><altres Sync="TRUE">0.000010</altres></altsys></vertdef></spref><refSysInfo><RefSystem><refSysID><identCode Sync="TRUE">NAD_1983_UTM_Zone_17N</identCode></refSysID></RefSystem></refSysInfo><spatRepInfo><VectSpatRep><topLvl><TopoLevCd Sync="TRUE" value="001"></TopoLevCd></topLvl><geometObjs Name="GA_historic_shores_20090102_utm_Jekyll"><geoObjTyp><GeoObjTypCd Sync="TRUE" value="001"></GeoObjTypCd></geoObjTyp><geoObjCnt Sync="TRUE">0</geoObjCnt></geometObjs></VectSpatRep></spatRepInfo><eainfo><detailed Name="GA_historic_shores_20090102_utm_Jekyll"><enttyp><enttypl Sync="TRUE">GA_historic_shores_20090102_utm_Jekyll</enttypl><enttypt Sync="TRUE">Feature Class</enttypt><enttypc Sync="TRUE">0</enttypc></enttyp><attr><attrlabl Sync="TRUE">OBJECTID</attrlabl><attalias Sync="TRUE">OBJECTID</attalias><attrtype Sync="TRUE">OID</attrtype><attwidth Sync="TRUE">4</attwidth><atprecis Sync="TRUE">0</atprecis><attscale Sync="TRUE">0</attscale><attrdef Sync="TRUE">Internal feature number.</attrdef><attrdefs Sync="TRUE">ESRI</attrdefs><attrdomv><udom Sync="TRUE">Sequential unique whole numbers that are automatically generated.</udom></attrdomv></attr><attr><attrlabl Sync="TRUE">FID</attrlabl><attalias Sync="TRUE">FID</attalias><attrtype Sync="TRUE">String</attrtype><attwidth Sync="TRUE">20</attwidth><attrdef Sync="TRUE">Internal feature number.</attrdef><attrdefs Sync="TRUE">ESRI</attrdefs><attrdomv><udom Sync="TRUE">Sequential unique whole numbers that are automatically generated.</udom></attrdomv></attr><attr><attrlabl Sync="TRUE">Source_ID</attrlabl><attalias Sync="TRUE">Source_ID</attalias><attrtype Sync="TRUE">Number</attrtype><attwidth Sync="TRUE">9</attwidth></attr><attr><attrlabl Sync="TRUE">SOURCE_ID</attrlabl><attalias Sync="TRUE">SOURCE_ID</attalias><attrtype Sync="TRUE">String</attrtype><attwidth Sync="TRUE">16</attwidth></attr><attr><attrlabl Sync="TRUE">AVG_ERROR</attrlabl><attalias Sync="TRUE">AVG_ERROR</attalias><attrtype Sync="TRUE">Number</attrtype><attwidth Sync="TRUE">19</attwidth><atnumdec Sync="TRUE">11</atnumdec></attr><attr><attrlabl Sync="TRUE">MAX_ERROR</attrlabl><attalias Sync="TRUE">MAX_ERROR</attalias><attrtype Sync="TRUE">Number</attrtype><attwidth Sync="TRUE">19</attwidth><atnumdec Sync="TRUE">11</atnumdec></attr><attr><attrlabl Sync="TRUE">ERROR9987</attrlabl><attalias Sync="TRUE">ERROR9987</attalias><attrtype Sync="TRUE">Number</attrtype><attwidth Sync="TRUE">4</attwidth></attr><attr><attrlabl Sync="TRUE">NOS_FEATUR</attrlabl><attalias Sync="TRUE">NOS_FEATUR</attalias><attrtype Sync="TRUE">Number</attrtype><attwidth Sync="TRUE">4</attwidth></attr><attr><attrlabl Sync="TRUE">NOS_INFORM</attrlabl><attalias Sync="TRUE">NOS_INFORM</attalias><attrtype Sync="TRUE">String</attrtype><attwidth Sync="TRUE">50</attwidth></attr><attr><attrlabl Sync="TRUE">NOS_ATTRIB</attrlabl><attalias Sync="TRUE">NOS_ATTRIB</attalias><attrtype Sync="TRUE">String</attrtype><attwidth Sync="TRUE">50</attwidth></attr><attr><attrlabl Sync="TRUE">NOS_CLASS</attrlabl><attalias Sync="TRUE">NOS_CLASS</attalias><attrtype Sync="TRUE">String</attrtype><attwidth Sync="TRUE">50</attwidth></attr><attr><attrlabl Sync="TRUE">Shape</attrlabl><attalias Sync="TRUE">Shape</attalias><attrtype Sync="TRUE">String</attrtype><attwidth Sync="TRUE">254</attwidth><attrdef Sync="TRUE">Feature geometry.</attrdef><attrdefs Sync="TRUE">ESRI</attrdefs><attrdomv><udom Sync="TRUE">Coordinates defining the features.</udom></attrdomv></attr><attr><attrlabl Sync="TRUE">DATE_</attrlabl><attalias Sync="TRUE">DATE_</attalias><attrtype Sync="TRUE">Number</attrtype><attwidth Sync="TRUE">19</attwidth><atnumdec Sync="TRUE">11</atnumdec></attr><attr><attrlabl Sync="TRUE">ACCURACY</attrlabl><attalias Sync="TRUE">ACCURACY</attalias><attrtype Sync="TRUE">String</attrtype><attwidth Sync="TRUE">254</attwidth></attr><attr><attrlabl Sync="TRUE">Avg_Error</attrlabl><attalias Sync="TRUE">Avg_Error</attalias><attrtype Sync="TRUE">String</attrtype><attwidth Sync="TRUE">254</attwidth></attr><attr><attrlabl Sync="TRUE">Max_Error</attrlabl><attalias Sync="TRUE">Max_Error</attalias><attrtype Sync="TRUE">String</attrtype><attwidth Sync="TRUE">254</attwidth></attr><attr><attrlabl Sync="TRUE">Error9987</attrlabl><attalias Sync="TRUE">Error9987</attalias><attrtype Sync="TRUE">String</attrtype><attwidth Sync="TRUE">254</attwidth></attr><attr><attrlabl Sync="TRUE">YEAR</attrlabl><attalias Sync="TRUE">YEAR</attalias><attrtype Sync="TRUE">Number</attrtype><attwidth Sync="TRUE">4</attwidth></attr><attr><attrlabl Sync="TRUE">GROUP</attrlabl><attalias Sync="TRUE">GROUP</attalias><attrtype Sync="TRUE">String</attrtype><attwidth Sync="TRUE">50</attwidth></attr><attr><attrlabl Sync="TRUE">LOCALITY</attrlabl><attalias Sync="TRUE">LOCALITY</attalias><attrtype Sync="TRUE">String</attrtype><attwidth Sync="TRUE">50</attwidth></attr><attr><attrlabl Sync="TRUE">FEATURE</attrlabl><attalias Sync="TRUE">FEATURE</attalias><attrtype Sync="TRUE">Number</attrtype><attwidth Sync="TRUE">4</attwidth></attr><attr><attrlabl Sync="TRUE">SRC_DATE</attrlabl><attalias Sync="TRUE">SRC_DATE</attalias><attrtype Sync="TRUE">Date</attrtype><attwidth Sync="TRUE">8</attwidth></attr><attr><attrlabl Sync="TRUE">SCALE</attrlabl><attalias Sync="TRUE">SCALE</attalias><attrtype Sync="TRUE">Number</attrtype><attwidth Sync="TRUE">9</attwidth></attr><attr><attrlabl Sync="TRUE">GIS_DATE</attrlabl><attalias Sync="TRUE">GIS_DATE</attalias><attrtype Sync="TRUE">Date</attrtype><attwidth Sync="TRUE">8</attwidth></attr><attr><attrlabl Sync="TRUE">ID</attrlabl><attalias Sync="TRUE">ID</attalias><attrtype Sync="TRUE">Number</attrtype><attwidth Sync="TRUE">8</attwidth></attr><attr><attrlabl Sync="TRUE">TYPE</attrlabl><attalias Sync="TRUE">TYPE</attalias><attrtype Sync="TRUE">String</attrtype><attwidth Sync="TRUE">20</attwidth></attr><attr><attrlabl Sync="TRUE">LOCATION</attrlabl><attalias Sync="TRUE">LOCATION</attalias><attrtype Sync="TRUE">String</attrtype><attwidth Sync="TRUE">25</attwidth></attr><attr><attrlabl Sync="TRUE">SOURCE</attrlabl><attalias Sync="TRUE">SOURCE</attalias><attrtype Sync="TRUE">String</attrtype><attwidth Sync="TRUE">32</attwidth></attr><attr><attrlabl Sync="TRUE">DESCR</attrlabl><attalias Sync="TRUE">DESCR</attalias><attrtype Sync="TRUE">String</attrtype><attwidth Sync="TRUE">64</attwidth></attr><attr><attrlabl Sync="TRUE">FLIGHT</attrlabl><attalias Sync="TRUE">FLIGHT</attalias><attrtype Sync="TRUE">String</attrtype><attwidth Sync="TRUE">25</attwidth></attr><attr><attrlabl Sync="TRUE">NOS_Featur</attrlabl><attalias Sync="TRUE">NOS_Featur</attalias><attrtype Sync="TRUE">String</attrtype><attwidth Sync="TRUE">50</attwidth></attr><attr><attrlabl Sync="TRUE">NOS_Inform</attrlabl><attalias Sync="TRUE">NOS_Inform</attalias><attrtype Sync="TRUE">String</attrtype><attwidth Sync="TRUE">50</attwidth></attr><attr><attrlabl Sync="TRUE">NOS_Attrib</attrlabl><attalias Sync="TRUE">NOS_Attrib</attalias><attrtype Sync="TRUE">String</attrtype><attwidth Sync="TRUE">254</attwidth></attr><attr><attrlabl Sync="TRUE">NOS_Class</attrlabl><attalias Sync="TRUE">NOS_Class</attalias><attrtype Sync="TRUE">Float</attrtype><attwidth Sync="TRUE">19</attwidth><atnumdec Sync="TRUE">11</atnumdec></attr><attr><attrlabl Sync="TRUE">SHORE_LOC</attrlabl><attalias Sync="TRUE">SHORE_LOC</attalias><attrtype Sync="TRUE">String</attrtype><attwidth Sync="TRUE">254</attwidth></attr><attr><attrlabl Sync="TRUE">CLASS_1</attrlabl><attalias Sync="TRUE">CLASS_1</attalias><attrtype Sync="TRUE">String</attrtype><attwidth Sync="TRUE">254</attwidth></attr><attr><attrlabl Sync="TRUE">CLASS_2</attrlabl><attalias Sync="TRUE">CLASS_2</attalias><attrtype Sync="TRUE">String</attrtype><attwidth Sync="TRUE">254</attwidth></attr><attr><attrlabl Sync="TRUE">CLASS_3</attrlabl><attalias Sync="TRUE">CLASS_3</attalias><attrtype Sync="TRUE">String</attrtype><attwidth Sync="TRUE">254</attwidth></attr><attr><attrlabl Sync="TRUE">Year</attrlabl><attalias Sync="TRUE">Year</attalias><attrtype Sync="TRUE">Number</attrtype><attwidth Sync="TRUE">4</attwidth></attr><attr><attrlabl Sync="TRUE">Group</attrlabl><attalias Sync="TRUE">Group</attalias><attrtype Sync="TRUE">String</attrtype><attwidth Sync="TRUE">50</attwidth></attr><attr><attrlabl Sync="TRUE">Locality</attrlabl><attalias Sync="TRUE">Locality</attalias><attrtype Sync="TRUE">String</attrtype><attwidth Sync="TRUE">50</attwidth></attr></detailed></eainfo><mdDateSt Sync="TRUE">20090102</mdDateSt><dataqual><lineage><procstep><procdesc Sync="TRUE">Dataset copied.</procdesc><srcused Sync="TRUE">\\CJACKSON\C$\cj\gisdata\NOAA_tsheets_2008\1950s\ph83\PH83.mdb</srcused><date Sync="TRUE">20081017</date><time Sync="TRUE">10183800</time></procstep><procstep><procdesc Sync="TRUE">Dataset copied.</procdesc><srcused Sync="TRUE"></srcused><date Sync="TRUE">20081017</date><time Sync="TRUE">11465600</time></procstep><procstep><procdesc Sync="TRUE">Dataset moved.</procdesc><srcused Sync="TRUE">C:\cj\gisdata\NOAA_tsheets_2008\1950s\ph83\ph83_GCS_1983_islands</srcused><date Sync="TRUE">20081017</date><time Sync="TRUE">11475900</time></procstep><procstep><procdesc Sync="TRUE">Dataset copied.</procdesc><srcused Sync="TRUE"></srcused><date Sync="TRUE">20081017</date><time Sync="TRUE">19325900</time></procstep><procstep><procdesc Sync="TRUE">Dataset copied.</procdesc><srcused Sync="TRUE"></srcused><date Sync="TRUE">20090102</date><time Sync="TRUE">09282800</time></procstep><procstep><procdesc Sync="TRUE">Dataset moved.</procdesc><srcused Sync="TRUE">C:\cj\gisdata\analyses_20090101\GA_historic_shores_20090102_utm_Jekyll</srcused><date Sync="TRUE">20090102</date><time Sync="TRUE">09480300</time></procstep><procstep><procdesc Sync="TRUE">Dataset copied.</procdesc><srcused Sync="TRUE">C:\Documents and Settings\cj\Desktop\Copy of ambur_workshop\jekyll_island_data\jekyll_shorelines_utm</srcused><date Sync="TRUE">20101112</date><time Sync="TRUE">08495700</time></procstep></lineage></dataqual></metadata>
