"TRANSECT","01/01/1855 12:00:01 AM to 01/01/1867 12:00:01 AM","01/01/1867 12:00:01 AM to 08/01/1924 12:00:01 AM","08/01/1924 12:00:01 AM to 10/01/1924 12:00:01 AM","10/01/1924 12:00:01 AM to 11/24/1933 12:00:01 AM","11/24/1933 12:00:01 AM to 05/12/1951 12:00:01 AM","05/12/1951 12:00:01 AM to 04/18/1974 12:00:01 AM","04/18/1974 12:00:01 AM to 12/29/2002 12:00:01 AM","12/29/2002 12:00:01 AM to 11/25/2003 12:00:01 AM","11/25/2003 12:00:01 AM to 03/01/2006 12:00:01 AM"
1,NA,NA,NA,52.2175450611293,47.0368099047476,50.1143645070395,NA,NA,0.8467814839238
2,NA,NA,NA,57.3155906756691,53.396420343764,53.0365971725685,NA,NA,1.140300727682
3,NA,NA,NA,59.0773665635386,61.3743697203387,58.1516887255223,NA,NA,0.439801401005099
4,NA,NA,NA,58.2815660146331,65.0239807810336,65.1494740959313,NA,NA,4.0451841252899
5,NA,NA,NA,52.791352664957,70.3746381636951,74.8964457205847,NA,NA,5.6419515995954
6,NA,NA,NA,47.0994793922825,79.5668910902609,81.2918209310513,NA,NA,7.2532606061326
7,NA,NA,NA,41.9312914097044,83.3629253687677,91.6885069347059,NA,NA,6.2906527332609
8,NA,NA,NA,40.5893220774629,86.0131088596753,99.1952218079656,NA,NA,6.3414151665139
9,NA,NA,NA,37.8803840992115,91.204404516572,108.037738528137,NA,NA,5.6913470495038
10,NA,NA,NA,34.4351996067314,95.782263457039,117.34726626262,NA,NA,4.2926641920474
11,NA,NA,NA,32.4471789505311,96.8700068103617,126.972396288099,NA,NA,4.5807917907665
12,NA,NA,NA,30.8483558609,97.0817131207947,138.844132443776,NA,NA,6.024322977694
13,NA,NA,NA,28.737017994289,97.9658096512584,152.927914636441,NA,NA,2.3803754088948
14,NA,NA,NA,27.3541375262033,98.8407824251498,158.85870676482,NA,NA,3.0635317919791
15,NA,NA,NA,24.9562855426764,95.8427377216466,167.10133416143,NA,NA,3.9611446085892
16,NA,NA,NA,21.6232296167746,93.7744115686948,175.355512061583,NA,NA,5.645558110569
17,NA,NA,NA,22.5534427434273,91.2138730903818,171.208089015872,NA,NA,2.3177598667404
18,NA,NA,NA,18.2503242213552,91.6855067646037,168.094980168548,NA,NA,7.118259259447
19,NA,NA,NA,17.9859858193334,89.5766382796472,166.58974363616,NA,NA,11.2566489353131
20,NA,NA,NA,19.8110193869759,79.2560435246912,171.263782071751,NA,NA,10.9693496162243
21,NA,NA,NA,22.125015166189,70.2798509991657,166.836395420539,NA,NA,13.7463403051982
22,NA,NA,NA,20.9987082245487,67.3938840291794,155.731209972488,NA,NA,18.868561677749
23,NA,NA,NA,19.979745003417,63.1412631212904,149.447448089107,NA,NA,16.1272770095842
24,NA,NA,NA,15.0057320078565,50.3508850382573,143.18638865544,NA,NA,13.866989224189
25,NA,NA,NA,13.2945685827216,33.97590620487,143.015648207216,NA,NA,16.3999594079634
26,NA,NA,NA,9.46829260225041,21.7788328726453,137.16835180238,NA,NA,25.3436941189038
27,NA,NA,NA,-13.404821184598,8.79631685979257,131.077391256365,NA,NA,37.3125500103959
28,NA,NA,NA,-11.6418787377141,4.65081114196727,121.867193773693,NA,NA,52.2211196377574
29,NA,NA,NA,-2.91163395455857,-13.560990500667,115.902169901149,NA,NA,54.8552528752161
30,NA,NA,NA,3.60568889630764,-22.5032229649008,104.854204921135,NA,NA,63.3993860217895
31,NA,NA,NA,11.0572866822261,-33.6271669264269,86.6959427961968,NA,NA,62.5756443578533
32,NA,NA,NA,14.2564573723698,-38.3425211717068,77.2975605482866,NA,NA,66.4551485821832
33,NA,NA,NA,17.0798107941482,-42.177025700557,68.7878010099963,NA,NA,71.8869223080191
34,NA,NA,NA,23.2923612497594,-47.0058307648701,9.57687861300701,NA,NA,77.7364252348139
35,NA,NA,NA,28.2891917446381,-48.6588051819628,6.96913237432335,NA,NA,73.7809572475718
36,NA,NA,NA,41.1339284177714,-44.6048691122856,1.96116631730422,NA,NA,60.8910910454878
37,NA,NA,NA,43.6888851015199,-42.1002130884318,0.37642046947127,NA,NA,46.1011076394725
38,NA,NA,NA,49.112171562318,-30.5295228673707,-7.6075524296719,NA,NA,39.4115717837886
39,NA,NA,NA,56.4213220600892,-17.5390985297144,-15.7161318485789,NA,NA,25.4329997908688
40,NA,NA,NA,58.2460867926404,-15.2784041686475,-16.6049653396695,NA,NA,5.6841034323799
41,NA,NA,NA,59.6644598023673,-13.5590099932658,-17.3074541933235,NA,NA,-7.9793446886011
42,NA,NA,NA,61.5609359814247,-11.292679769946,-18.2630462248309,NA,NA,-4.4435770131845
43,NA,NA,NA,67.1298410267705,-6.7771883643741,-18.3734160285707,NA,NA,0.0812022776503998
44,NA,NA,NA,75.6533041758318,-3.54750078967157,-13.8640647120902,203.037219788269,NA,NA
45,NA,NA,NA,79.1859555769119,-0.225609044385095,-7.50754778519871,131.269809807065,NA,NA
46,NA,NA,NA,76.183620710867,7.734632682227,-0.437120645499789,89.5179325072891,NA,NA
47,NA,NA,NA,72.3083999986615,20.5175821479641,9.7768191895296,32.152377377094,NA,NA
48,NA,NA,NA,60.6405011493115,36.661059850577,24.5664989756165,-30.6846157672817,NA,NA
49,NA,NA,NA,44.9412369202698,53.7907574030555,60.0576893542963,-109.324943049071,NA,NA
50,NA,NA,NA,34.6118378146139,10.1917557769221,125.56254746349,-158.49564387212,NA,NA
51,NA,NA,NA,24.4091259653074,-11.2077879464019,106.064590974907,-123.666226847851,NA,NA
52,NA,NA,NA,22.109020601683,-15.2979492954334,23.8279654555571,-38.7074322245035,NA,NA
53,NA,NA,NA,21.7527362448602,-15.9117866626469,23.831955288179,-38.3094855205179,NA,NA
54,NA,NA,NA,11.4033894343805,-31.4097894071142,26.6419316152309,-32.124387095422,NA,NA
55,NA,NA,NA,4.4169512160901,-43.5388113078756,21.9154491753532,-20.1598909146127,NA,NA
56,NA,NA,NA,7.0908999475266,-34.5432638511863,8.1114554468723,-11.3349473407912,NA,NA
57,NA,NA,NA,4.2864029902397,-26.9181441608793,-0.739207304544703,-9.3300108253586,NA,NA
58,NA,NA,NA,8.3325785500964,-17.8780458192744,-15.0391993917312,-7.2474515249145,NA,NA
59,NA,NA,NA,8.9877821636188,-15.1646215010664,-20.9525400613847,-6.3032442242218,NA,NA
60,NA,NA,NA,5.7812169562554,-17.0319475376769,-20.8306403026642,-5.19840115330159,NA,NA
61,NA,NA,NA,2.775555944471,-18.7880865756752,-21.2780277109331,-2.8223420180538,NA,NA
62,NA,NA,NA,-2.98378655811749,-15.6084300541326,-20.9593070505707,2.9934858707077,NA,NA
63,NA,NA,NA,-2.67047778943341,-16.4075564858131,-14.9925101272278,11.4926915306947,NA,NA
64,NA,NA,NA,5.30508317497481,-19.150890023553,0.103933974216105,13.8281454257124,NA,NA
65,NA,NA,NA,2.59383242793751,-13.9145203191149,15.3913179577121,5.3166639490906,NA,NA
66,NA,NA,NA,9.8084213593371,-9.9094863993339,46.7752200605034,-17.1590151561326,NA,NA
67,NA,NA,NA,4.7544759051794,-0.340311157228797,30.6013052280793,-4.6688657697647,NA,NA
68,NA,NA,NA,7.9528584760774,-4.8707634800121,9.0891480349588,-4.7046495650815,NA,NA
69,NA,NA,NA,7.9964612840076,-5.12199673930471,7.9898678418411,-4.2873897678277,NA,NA
70,NA,NA,NA,8.4086085205099,-6.49008360272521,2.4470158526789,-4.3413948355313,NA,NA
71,NA,NA,NA,7.4393971945597,-7.5195081447857,-3.690633447216,-1.2950131188654,NA,NA
72,NA,NA,NA,-65.2963781391572,36.6671701898793,-4.99491587862789,13.5952889391888,NA,NA
73,NA,NA,NA,-41.6833255356158,18.0910239656525,-1.84557340236709,-4.9590244191843,NA,NA
74,NA,NA,NA,-33.8788569792935,15.4055366135993,-1.5188218436701,2.7693803030239,NA,NA
75,NA,NA,NA,-38.7341150073999,38.928982015806,-17.1403964836673,4.7489024793632,NA,NA
76,NA,NA,NA,-36.7140942254455,20.8162016859007,3.7701600313105,-4.5676298603778,NA,NA
77,NA,NA,NA,-42.1872205303717,35.4447166579613,-11.7525894089641,11.7823317231037,NA,NA
78,NA,NA,NA,-61.0552976421205,52.3541440567719,-4.2467039097388,-5.5010262084915,NA,NA
79,NA,NA,NA,-52.7103902532914,28.2267627367707,29.0401660789712,-16.271081347416,NA,NA
80,NA,NA,NA,-43.6213134117566,33.4421929194239,9.2331186504833,-7.3067905888641,NA,NA
81,NA,NA,NA,-48.9801868366822,46.7758867857351,7.7540022165643,-18.6777123907981,NA,NA
82,NA,NA,NA,-48.5118443261619,29.9796379706202,-11.9809479143008,5.1018338210656,NA,NA
83,NA,NA,NA,-41.8896609032887,3.87753350678119,47.7916133801905,-22.6314542541342,NA,NA
84,NA,NA,NA,-45.06590909656,2.7236813305863,35.1196683161117,-9.8962808951812,NA,NA
85,NA,NA,NA,-51.6929399895095,12.5195560973223,33.5338690367669,-19.2558341156468,NA,NA
86,NA,NA,NA,-38.0881892598238,62.2028852140995,-16.0831577423873,-5.7623011843734,NA,NA
87,NA,NA,NA,-39.8219834962128,25.3908186316787,-2.33454455966859,-4.01481636001421,NA,NA
88,NA,NA,NA,NA,0.339015137764505,-0.329100336262499,3.19242238727421,NA,NA
89,NA,NA,NA,-5.58273635223641,1.26501079725871,20.8165873709464,5.0220028053584,NA,NA
90,NA,NA,NA,-7.1645794029475,4.1628154419969,-1.3695175954672,4.2625971348295,NA,NA
91,NA,NA,NA,-8.0469913630378,0.347233843468302,4.68003747099431,-8.51483857408951,NA,NA
92,NA,NA,NA,-36.7580712868574,8.17027962248159,7.42446971370411,-16.1512835803316,NA,NA
93,NA,NA,NA,-52.5137003853039,NA,NA,-3.1776168567361,NA,NA
94,NA,NA,NA,-57.9141328357309,31.7903837453738,-3.26730606240361,-1.3295124628836,NA,NA
95,NA,NA,NA,-53.7824377251259,26.5825679699108,-6.3886507114244,4.2635641102681,NA,NA
96,NA,NA,NA,-39.5322348073851,19.0851468841095,-1.1961364378389,8.184243294016,NA,NA
97,NA,NA,NA,-23.7555178431129,1.1347160154995,13.6961849245844,-12.3674717534843,NA,NA
98,NA,NA,NA,NA,3.3001616950001,2.7552843618466,-5.7387669704713,NA,NA
99,NA,NA,NA,-13.4446317188993,5.0789718018385,-2.4445098909871,-2.29859005423101,NA,NA
100,NA,NA,NA,-13.6501372105471,-5.5078806385642,6.1967877455088,-8.1566875871183,NA,NA
101,NA,NA,NA,0.397416884110697,-3.7902783425806,-7.1289439065343,1.9622422942286,NA,NA
102,NA,NA,NA,10.5268665440602,-16.1897273927384,-6.91174445836599,4.1024105599281,NA,NA
103,NA,NA,NA,-10.389743926533,-2.4159314769414,-0.945811622900401,-7.8488874613793,NA,NA
104,NA,NA,NA,-0.0508355851176958,-18.2343131753303,2.2947860853875,-2.32754859318531,NA,NA
105,NA,NA,NA,-0.816111829037396,-13.250419925294,-5.1810970019566,-5.0327961746837,NA,NA
106,NA,NA,NA,4.3904660285381,-8.2761042893429,6.73238144397691,-20.6756358912117,NA,NA
107,NA,NA,NA,6.0780815080161,-6.8135758928345,1.7906630364491,-14.049593710287,NA,NA
108,NA,NA,NA,4.6892001022061,-9.0433146197286,0.679988897331999,-10.662662615482,NA,NA
109,NA,NA,NA,7.1432071032441,-4.5255469807261,1.4023167583912,-12.6172647394008,NA,NA
110,NA,NA,NA,5.4964170491695,-9.1557924731403,2.5675758724851,-7.8703534676265,NA,NA
111,NA,NA,NA,NA,NA,NA,-17.7109624755956,NA,NA
112,NA,NA,NA,4.466671183516,-5.4827017239897,0.0648116576725002,-15.1331208700215,NA,NA
113,NA,NA,NA,2.9412336016961,-3.5499214428649,-2.2812381071535,-11.528644103082,NA,NA
114,NA,NA,NA,-3.0307105554458,2.9091253919848,-3.9213573248079,-13.7249179126806,NA,NA
115,NA,NA,NA,0.499601261441903,-7.81742026394451,-10.3941515344554,-17.5932291638754,NA,NA
116,NA,NA,NA,6.2136564543971,-13.4946840036274,-43.4653326391955,-0.341029610746304,NA,NA
117,NA,NA,NA,9.6847418550922,-16.2419270237382,-62.5901219677075,2.3070455179588,NA,NA
118,NA,NA,NA,18.6347062815566,-25.2825764911201,-96.2366817285048,12.3205899950541,NA,NA
119,NA,NA,NA,15.8469075454834,-16.7864537475842,-156.684069197516,146.507564679188,NA,NA
120,NA,NA,NA,14.7055874882088,-13.5211095495624,-119.677450743179,21.5416546437337,NA,NA
121,NA,NA,NA,2.3421139170275,-2.2642699676984,-81.1686154543795,12.7360461154213,NA,NA
122,NA,NA,NA,2.8539178904179,-7.7141627200169,-33.1004135501139,1.84722876045591,NA,NA
123,NA,NA,NA,7.8290019631538,-12.2971698289744,-12.2683940854214,2.1802698541705,NA,NA
124,NA,NA,NA,6.7217231038759,-8.8182552576048,2.8834245207795,-16.1903689470322,NA,NA
125,NA,NA,NA,4.3190892020676,-7.5422521515322,9.4755898194707,-17.7366650202215,NA,NA
126,NA,NA,NA,1.4117919183637,-2.0366778835453,-8.6560596001242,-4.8830154678089,NA,NA
127,NA,NA,NA,3.8313777384823,-3.398947632816,-0.0702631504220967,-6.210595779539,NA,NA
128,NA,NA,NA,12.7461374210208,-9.11335306993,1.95229089494,-4.4252386539428,NA,NA
129,NA,NA,NA,13.4657642020096,-5.4947505950874,-2.4704777230196,-7.9125715324891,NA,NA
130,NA,NA,NA,20.2777714342352,-9.4892285717026,-2.7914203274086,-9.5353297956292,NA,NA
131,NA,NA,NA,11.8935480125463,-4.7388061757234,-1.2269500770051,-5.380156731568,NA,NA
132,NA,NA,NA,13.1847494712991,-12.5155858749944,3.0182323560008,-4.9235801818913,NA,NA
133,NA,NA,NA,11.8031467723913,-10.7483469866907,1.7421184735023,-3.7458768452274,NA,NA
134,NA,NA,NA,14.9763910737219,-12.5556992691431,-2.9831975606572,-1.1717426256893,NA,NA
135,NA,NA,NA,15.2323942658438,-16.156098680787,-0.929929032100802,1.5464471690493,NA,NA
136,NA,NA,NA,15.0816742740607,-19.300546961899,1.0761862837234,2.9495483152647,NA,NA
137,NA,NA,NA,13.2641862376678,-16.8099820644492,2.4546125901449,-2.4264136679619,NA,NA
138,NA,NA,NA,14.5355252654332,-16.0298820475889,1.0514449785711,-7.3711238289827,NA,NA
139,NA,NA,NA,11.9845720846291,-13.3949805061989,0.609497179803299,-10.4798624881384,NA,NA
140,NA,NA,NA,18.0959974051216,-18.5465372865669,0.871316579003498,-4.0358093532554,NA,NA
141,NA,NA,NA,10.6703775045459,-8.8475249370766,2.3668365768469,-7.0139711314403,NA,NA
142,NA,NA,NA,11.8397149692818,-7.8671092359185,5.1285305843433,-7.9159581195791,NA,NA
143,NA,NA,NA,8.7079509973046,-2.4355557506268,5.2209931911329,-8.4298776115019,NA,NA
144,NA,NA,NA,7.796120150326,1.7634161856005,2.4407606221101,-6.2035275850753,NA,NA
145,NA,NA,NA,7.9945444452113,4.1151709136912,0.815996960103497,-7.5868948025196,NA,NA
146,NA,NA,NA,13.4467422966956,-2.1830494918144,4.0960600500755,-7.1966984889401,NA,NA
147,NA,NA,NA,17.5608701925274,-8.0394790650316,7.5035229835224,-3.5770240476899,NA,NA
148,NA,NA,NA,21.7127998255331,-3.7319182340314,0.366441799153698,-0.461592928085395,NA,NA
149,NA,NA,NA,7.0393651810856,4.9562223603869,-8.9298276574492,-0.6113569906545,NA,NA
150,NA,NA,NA,12.2308196904933,1.4922248108502,6.9349542333587,-1.0084605206918,NA,NA
151,NA,NA,NA,11.6224393260185,0.1965864267104,6.0501893791826,-12.4290279297861,NA,NA
152,NA,NA,NA,15.6103455698583,-2.7903067851739,7.5870014667412,-17.6613617403531,NA,NA
153,NA,NA,NA,19.6706947310855,-6.9895371302123,14.7353687071591,1.708379605258,NA,NA
154,NA,NA,NA,12.6843703463397,-5.179706570425,16.9623479065356,-15.9692037012055,NA,NA
155,NA,NA,NA,21.4461927773968,-6.703030163202,0.1433996110478,6.9554620600992,NA,NA
156,NA,NA,NA,24.8529060745198,-2.5505965688979,-4.2494276730676,6.039734486614,NA,NA
157,NA,NA,NA,26.0257164381859,-1.8304324571988,2.6474064774267,3.1728742856018,NA,NA
158,NA,NA,NA,29.1159171457708,-8.598252381681,11.0975120287715,-5.9513651212682,NA,NA
159,NA,NA,NA,28.6324086474687,-9.5551308483487,11.150238858126,-5.3818140402581,NA,NA
160,NA,NA,NA,26.6945113691415,-10.4767857615854,12.4121166538497,-5.7903432269218,NA,NA
161,NA,NA,NA,25.2018435932979,-11.1380680057164,11.9405184164093,-4.6440785988904,NA,NA
162,NA,NA,NA,23.6058011054699,-10.7659378636172,9.2437587216269,-2.4362745104039,NA,NA
163,NA,NA,NA,30.965918018355,-19.228440736372,8.3504456286192,-1.781589533182,NA,NA
164,NA,NA,NA,33.2024098508318,-19.2236439923995,4.4929537221572,-0.7062866455224,NA,NA
165,NA,NA,NA,36.3991795757223,-14.037204603446,-7.9860101996121,3.0885584464006,NA,NA
166,NA,NA,NA,30.6221849287621,-10.8764743901587,10.502004751503,2.6539619072158,NA,NA
167,NA,NA,NA,31.6447653650342,-5.96442800296551,5.5182733300027,36.0885810481545,NA,NA
168,NA,NA,NA,NA,-17.7257472720417,14.0879813178543,-5.5773917938463,NA,NA
169,NA,NA,NA,NA,-17.7371237044414,14.0891105135572,-5.5556601444781,NA,NA
170,NA,NA,NA,26.0004992158307,-15.7684827808336,4.8792695989368,7.8349585728241,NA,NA
171,NA,-4.1820783874682,NA,NA,-11.4298572214727,3.73232549331119,7.7828706772366,NA,NA
172,NA,12.2734089593209,NA,NA,-10.7775937455472,6.91406258771,22.6075309319029,NA,NA
173,NA,27.5753594201706,NA,NA,-1.0337796698993,-7.0524264033921,3.5869105401666,NA,NA
174,NA,61.6243507792714,NA,NA,7.940949400711,-14.4342500253181,-1.888647646718,NA,NA
175,NA,65.2768426303286,NA,NA,9.725344968988,-15.431542205532,-6.9963472682847,NA,NA
176,NA,63.9834016020913,NA,NA,15.9704110853395,-5.689485659231,-18.6252154029146,NA,NA
177,0.0108996345327057,62.8465812937761,NA,NA,11.2871166415706,0.490496489817001,-30.8487521497642,NA,NA
178,-13.6449623497429,59.1721750606625,NA,NA,17.8660467160416,-7.935223039598,-25.039011407559,NA,NA
179,-16.9694354816485,46.221341173062,NA,NA,18.6356668194445,-13.533693119069,-16.3930822021514,NA,NA
180,-24.7476617501994,46.149288098167,NA,NA,6.2811564192352,-12.3247610430374,-10.62275088207,NA,NA
181,-12.321246856021,47.600492947825,NA,NA,-8.3144360123189,5.6769222826538,-20.7296652786357,NA,NA
182,-5.1482267649102,61.3110163609126,NA,NA,-12.20503205832,25.0986698891333,-8.4361565565709,NA,NA
183,-2.5116158873573,53.7276479185988,NA,NA,3.2816458257337,12.5099480461974,-2.463684405189,NA,NA
184,-9.9364686870662,38.6190751203022,NA,NA,3.6167972499593,21.1634199212545,-9.3911662965173,NA,NA
185,-10.9155012661203,27.2436623047091,NA,NA,-6.8759526965743,12.1755505469997,-3.528136902115,NA,NA
186,-6.8239987640831,17.1177473438266,NA,NA,0.0443563551706987,6.6208327680261,-1.8004148856047,NA,NA
187,-4.6369201465155,14.7222127156629,NA,NA,9.2667061731538,4.4719678985302,3.0747439656655,NA,NA
188,2.3838266216111,20.9355071077315,NA,NA,4.4611049181128,4.4506804876978,-12.2435855040649,NA,NA
189,5.5246412360554,21.0475332409743,NA,NA,0.6792330519948,8.0724597468967,-8.536193127014,NA,NA
190,14.0112805238433,10.7061699087911,NA,NA,-1.8198670125047,16.967330094839,-12.625747103382,NA,NA
191,9.7526333525339,22.2887357274595,NA,NA,0.272282825264298,16.7919159321894,-18.3094289867663,NA,NA
192,4.4156336928944,32.7907880188868,NA,NA,4.7584239852661,3.7441126923686,-7.1274772992258,NA,NA
193,5.6798918644096,41.4828742986921,NA,NA,2.81798937799901,-3.4059547860253,7.3185626946446,NA,NA
194,5.9862999225815,48.6471573733367,NA,NA,11.7630726416923,-5.2220596379073,5.41559527969,NA,NA
195,6.69256520596451,54.6500207446469,NA,NA,-3.4474248821032,6.5712512414094,0.066316189458302,NA,NA
196,8.38910264685269,64.1130379618891,NA,NA,1.4268938027361,15.3233121394396,-2.3740460454257,NA,NA
197,9.6513890944108,71.891736264079,NA,NA,22.6130433461608,19.1627041755399,-13.5214904171763,NA,NA
198,11.4263507707612,85.7810805046983,NA,NA,11.3477695174061,17.2560991027873,-6.7494351279476,NA,NA
199,10.575816339755,95.084606703453,NA,NA,-12.8895604441276,39.4173018599575,-5.4698438486511,NA,NA
200,9.42887928116758,96.3976980624855,NA,NA,-9.8729444388427,12.142765911876,1.4031480616089,NA,NA
201,11.4854344148655,89.726130507836,NA,NA,-5.4470303125984,15.870988950716,-7.9488249541525,NA,NA
202,15.2333253754954,64.1434606288837,NA,NA,0.0283412289994018,41.4010767647134,-11.4345028519554,NA,NA
203,13.8911136219808,51.8770347608843,NA,NA,63.1929454607087,13.1009930802683,-9.1141840540682,NA,NA
204,13.915911610846,34.8501705144931,NA,NA,110.64537368625,12.1655888845575,-16.5403442747171,NA,NA
205,-4.8746814255712,-1.06869893930909,NA,NA,154.456009867564,7.0396372363651,-15.5470662551619,NA,NA
206,-5.8258812687161,-0.871192413028211,NA,NA,155.481166506191,-4.0336849610181,-12.671454313865,NA,NA
207,-6.79948200696961,-0.0176288141059047,NA,NA,148.714046467275,4.2776831423536,-23.7708033161323,NA,NA
208,1.08869193081679,-1.86144833482868,NA,NA,129.619726852167,10.9012974429701,-33.1284018235473,NA,NA
209,33.6973537684861,-43.3465268371107,NA,NA,-15.6547828170267,13.9305061140576,-38.929171747242,NA,NA
210,2.92918865048759,8.9646785841912,NA,NA,-20.8292417512381,13.5116743856913,-36.6623775682655,NA,NA
211,2.25479401087642,13.8243893957521,NA,NA,-19.7479903113776,10.7446034291023,-31.7227071624746,NA,NA
212,5.56661843956718,80.5683345892728,NA,NA,-23.7792670694422,11.6367480130042,-32.9038349520954,NA,NA
213,5.77414931974468,98.2434461670684,NA,NA,-21.6599951671694,9.8821842464686,-32.1528471411876,NA,NA
214,3.63443535634619,107.998689985525,NA,NA,-18.9988328072395,1.7743899243532,-33.8960163418484,NA,NA
215,5.15953100982691,101.761848992923,NA,NA,-16.7571722986877,NA,NA,NA,NA
216,2.3546936600136,73.3965647485172,NA,NA,-14.5898991762579,NA,NA,NA,NA
217,0.798417788445192,118.031141498432,NA,NA,-19.5575487196006,NA,NA,NA,NA
218,-0.212079214612999,79.728261940557,NA,NA,-22.5695748236669,4.0653269006402,-3.1957796812769,NA,NA
219,1.99894069063251,54.1857629316402,NA,NA,-14.7932555639813,5.7605573707102,-11.9471433839533,NA,NA
220,8.3462406680973,32.1640130915909,NA,NA,-8.0660728102671,-6.808699706097,-13.3964203479261,NA,NA
221,-3.2644116215854,19.2205317091002,NA,NA,-9.8154530641407,-4.0584864121043,-7.5133112855582,NA,NA
222,0.938915328593101,3.3598445073074,NA,NA,-12.424910937281,0.302485793808803,-8.4660302312726,NA,NA
223,6.5669452246499,-5.0941250239576,NA,NA,-4.747699043449,-4.6543234406086,-4.6713919917245,NA,NA
224,8.4579715663816,-10.6696120217462,NA,NA,-6.9300105316547,-9.8452211494494,NA,NA,NA
225,7.6594903926443,-14.6269272591174,NA,NA,-13.4001598694622,3.6235858231301,NA,NA,NA
226,-4.4794192923946,-11.4675321277617,NA,NA,-10.9601417147006,11.661738865229,NA,NA,NA
227,NA,NA,NA,NA,NA,NA,NA,NA,NA
228,NA,NA,NA,NA,-18.901874121238,8.961287462724,NA,NA,NA
229,-1.4749785410962,7.9522793829979,NA,NA,-13.9814209555786,10.2112088532474,NA,NA,NA
230,-9.6042227801694,11.2498293908849,NA,NA,-10.2220733706844,2.1631321807932,NA,NA,NA
231,-4.9869020379839,14.3572696754558,NA,NA,-6.8254439887227,1.259969932089,NA,NA,NA
232,-5.2681051697266,18.8640741417072,NA,NA,-4.260379944701,-3.5883329936997,NA,NA,NA
233,1.1555619338824,20.4991743102964,NA,NA,-2.2290971147064,-7.6577686973907,NA,NA,NA
234,7.0514532235253,12.2614114249124,NA,NA,-0.1421259820009,-14.4411809749685,NA,NA,NA
235,9.7556746943839,3.6091025702525,NA,NA,0.598366149570099,-15.7861210262872,NA,NA,NA
236,10.2346118938989,7.0986064059275,NA,NA,-3.9178194475101,-16.532287176372,NA,NA,NA
237,14.4010807753834,6.1334501528916,NA,NA,-1.8832100960347,-19.8969252328218,NA,NA,NA
238,8.1851009350197,10.1890331388026,NA,NA,1.3076520160813,-22.0977893082399,NA,NA,NA
239,3.5634129233599,13.9144021226709,NA,NA,9.6465188877601,-22.8821234243155,NA,NA,NA
240,11.6386117636096,22.9936769597909,NA,NA,13.9195627578693,-23.1345347424399,NA,NA,NA
241,3.4407544983482,39.6771459360107,NA,NA,18.1939684257166,-17.9424389146479,NA,NA,NA
242,2.3467095296256,42.7808000437632,NA,NA,20.8473185939858,-14.0484427456324,NA,NA,NA
243,18.5272479344177,8.0302510205907,NA,NA,38.4066967687734,-3.8651784822275,NA,NA,NA
244,18.6749661052766,-8.5720906170088,NA,NA,41.084502773779,22.1304145767031,NA,NA,NA
245,17.8022445656229,-0.799662571990694,NA,NA,46.3517389161005,33.8108732017852,NA,NA,NA
246,4.59457682259351,15.0767565527229,NA,NA,65.2804030527701,36.5207521609008,NA,NA,NA
247,2.3195565960813,18.4246475960174,NA,NA,73.8177682243117,56.1671453229298,NA,NA,NA
248,-13.9417394515226,41.2044685212943,NA,NA,65.9422667588491,88.4319150440533,NA,NA,NA
249,-10.7272164201647,44.6709666236951,NA,NA,67.2571662479135,108.273283627278,NA,NA,NA
250,38.1231542407286,11.2218842648921,NA,NA,73.3043811185095,101.757693708142,NA,NA,NA
251,58.1218163508781,-13.0605999947957,NA,NA,74.9208361960869,100.688842692704,NA,NA,NA
252,47.4561548973315,-5.7348972989023,NA,NA,80.140243413212,85.4482622606725,NA,NA,NA
253,-18.4676902777207,-2.9161671633682,NA,NA,92.8660056470335,53.8481363964729,NA,NA,NA
254,-17.5382046190449,66.8752842395375,NA,NA,85.7047968253555,27.1395582060327,NA,NA,NA
255,-15.4000552576276,80.3638273075752,NA,NA,77.4156331004018,-12.8252694013495,NA,NA,NA
256,-11.0414724661739,45.207387243817,NA,NA,72.318888065112,8.2783821363988,NA,NA,NA
257,-11.8574226279476,56.7267918960057,NA,NA,45.6638219369726,4.3343223165222,NA,NA,NA
258,-14.0523661446011,55.7846949858695,NA,NA,46.8181859026195,19.7512423300387,NA,NA,NA
259,-14.6151380489185,56.7098091373467,NA,NA,47.8101897199947,9.1138119439289,NA,NA,NA
260,-21.0302460264996,51.907381953403,NA,NA,39.2461028580191,11.9978140473402,NA,NA,NA
261,-14.7646256575817,50.9082610768571,NA,NA,39.4790306914487,11.6378549391469,NA,NA,NA
262,-12.3367707327609,48.1700063761406,NA,NA,53.2746456351322,21.0414323225104,NA,NA,NA
263,-54.8100978682302,35.5754968008326,NA,NA,61.026502024497,3.4705643918322,NA,NA,NA
264,-12.9870561745082,17.0387611017637,NA,NA,76.3408021706621,-13.1024834318115,NA,NA,NA
265,-21.6404971191761,2.403517147703,NA,NA,23.3189787926502,42.5251719711755,NA,NA,NA
266,-22.4640683373269,29.3250285568,NA,NA,19.2187553605591,12.5513892746876,NA,NA,NA
267,-30.8681226644645,32.6442252091157,NA,NA,16.1338528493524,-15.5748981153657,NA,NA,NA
268,-11.0533355392169,4.58500431306,NA,NA,16.1782630799297,-12.2083927289974,NA,NA,NA
269,-7.8836188955611,29.7568413276662,NA,NA,5.7870463362656,-0.4485433815208,NA,NA,NA
270,-14.074975736115,17.5514150257516,NA,NA,40.2188266996469,-11.1567806904081,NA,NA,NA
271,-0.373676199116,10.1310471513473,NA,NA,17.4215336267054,-4.0912309175158,NA,NA,NA
272,-3.7447116834677,-10.4463353829298,NA,NA,2.0251732402383,5.3466964357582,NA,NA,NA
273,0.5423599344335,-33.878300963468,NA,NA,5.8916527144236,11.2822064869569,NA,NA,NA
274,2.4785068917768,-52.920523105912,NA,NA,4.2861426488947,16.2914490516457,NA,NA,NA
275,0.837391872672899,-50.6059880187858,NA,NA,11.1908061997132,7.4803203264413,NA,NA,NA
276,11.5960027723915,-59.1597716779468,NA,NA,8.13327822828951,17.6874372045443,NA,NA,NA
277,25.3445910005322,-65.8115578274799,NA,NA,-3.70655239768359,9.7445190686683,NA,NA,NA
278,35.5010954930958,-68.0378842165853,NA,NA,-10.501216916727,NA,NA,NA,NA
279,9.593421171205,-70.1684937418359,NA,NA,50.0560645369088,-48.2385524624367,NA,NA,NA
280,87.6888321200659,-96.0304686046286,NA,NA,27.5327843872461,-7.5911624949351,NA,NA,NA
281,70.635133470521,-82.8833282836038,NA,NA,31.2222010299034,-8.65941763453,NA,NA,NA
282,73.6729639255934,-88.4428005796068,NA,NA,50.6366719058294,-11.9933326076613,NA,NA,NA
283,NA,NA,NA,NA,74.24986188703,19.5926457600995,NA,NA,NA
284,NA,NA,NA,NA,39.5053544144302,14.4827503438316,NA,NA,NA
285,NA,NA,NA,NA,15.2663424214279,23.6587801710388,NA,NA,NA
286,NA,NA,NA,NA,46.0443992535666,7.2534623060694,NA,NA,NA
287,NA,NA,NA,NA,47.9334203924547,-5.2662485401758,NA,NA,NA
288,NA,NA,NA,NA,51.6651367784965,16.6373590867178,NA,NA,NA
289,NA,NA,NA,NA,63.5353330194349,1.2342988312006,NA,NA,NA
290,NA,NA,NA,NA,83.3216619811066,-25.9680726696309,NA,NA,NA
291,NA,NA,NA,NA,89.548761884587,-16.0543948717803,NA,NA,NA
292,NA,NA,NA,NA,76.1889798502691,-22.3944093492667,NA,NA,NA
293,NA,NA,NA,NA,58.5955194468732,2.6941099539499,NA,NA,NA
294,NA,NA,NA,NA,51.8649894682755,12.3597780322825,NA,NA,NA
295,NA,NA,NA,NA,31.5265142107952,1.54054583946,NA,NA,NA
296,NA,NA,NA,NA,25.6343927309446,-15.7255947596618,NA,NA,NA
297,NA,NA,NA,NA,41.6379882508987,-26.1661600625278,NA,NA,NA
298,NA,NA,NA,NA,47.7306904837341,-15.3163985366466,NA,NA,NA
299,NA,NA,NA,NA,35.6507539789016,20.4196518540596,NA,NA,NA
300,NA,NA,NA,NA,40.1331476275713,20.4285241091947,NA,NA,NA
301,NA,NA,NA,NA,70.5262047921696,-9.19272902911909,NA,NA,NA
302,NA,NA,NA,NA,10.0772253204952,-29.4056707529531,NA,NA,NA
303,NA,NA,NA,NA,-4.06511669692391,-34.2788804052428,NA,NA,NA
304,NA,NA,NA,NA,-15.2727192054717,-62.4716211076304,NA,NA,NA
305,NA,NA,NA,NA,-37.1172181838223,-29.5258767835983,NA,NA,NA
306,NA,NA,NA,NA,-28.1328260648458,-21.9041817132066,NA,NA,NA
307,NA,NA,NA,NA,-12.0542405036401,-11.6206807852681,NA,NA,NA
308,NA,NA,NA,NA,NA,NA,NA,NA,NA
309,NA,NA,NA,NA,NA,NA,NA,NA,NA
310,NA,NA,NA,NA,0.249855518890612,-37.335801869862,NA,NA,NA
311,NA,NA,NA,NA,7.4019964249065,-52.6367302370618,NA,NA,NA
312,NA,NA,NA,NA,7.66942667482149,-40.9379642208342,NA,NA,NA
313,NA,NA,NA,NA,-1.32909082317049,-33.6708074969828,NA,NA,NA
314,NA,NA,NA,NA,12.66118564994,-52.4350222699982,NA,NA,NA
315,NA,NA,NA,NA,9.3375277025241,-59.1392847927478,NA,NA,NA
316,NA,NA,NA,NA,-7.90307252744159,-52.0521346875674,NA,NA,NA
317,NA,NA,NA,NA,8.4048743521235,-45.3379173170296,NA,NA,NA
318,NA,NA,NA,NA,-21.5263436435424,-28.5775525118144,NA,NA,NA
319,NA,NA,NA,NA,-8.1798271243494,-42.4894228368851,NA,NA,NA
320,NA,NA,NA,NA,-44.2464971382291,-23.1788684915086,NA,NA,NA
321,NA,NA,NA,NA,-44.1389631479208,-22.300806367368,NA,NA,NA
322,NA,NA,NA,NA,-43.6389790723925,-17.8452871509356,NA,NA,NA
323,NA,NA,NA,NA,-21.8309014724951,-15.2276836292947,NA,NA,NA
324,NA,NA,NA,NA,-27.3383673798091,-11.4544280937948,NA,NA,NA
325,NA,NA,NA,NA,-28.5793817514054,-7.06286003408759,NA,NA,NA
326,NA,NA,NA,NA,-20.0079715468336,-4.74978531626098,NA,NA,NA
327,NA,NA,NA,NA,-44.021876761365,-2.0354735361405,NA,NA,NA
328,NA,NA,NA,NA,-44.5289508067158,-0.465350973212395,NA,NA,NA
329,NA,NA,NA,NA,NA,-0.695701368620206,NA,NA,NA
330,NA,NA,NA,NA,NA,-0.912865699961003,NA,NA,NA
331,NA,NA,NA,NA,-23.9901980224396,8.55203107372861,NA,NA,10.8197233675584
332,NA,NA,NA,NA,-29.3497464755341,12.887874217034,NA,NA,13.5578017734634
333,NA,NA,NA,NA,-70.4567083319867,7.72822836091729,NA,NA,4.48141324438021
334,NA,NA,NA,NA,-69.6631915902203,8.08862031130252,NA,NA,1.51995175601331
335,NA,NA,NA,NA,-66.7589752278749,3.58258395113882,NA,NA,-0.916335948636714
336,NA,NA,NA,NA,-60.353170267947,-1.19439839871868,NA,NA,1.47602778461311
337,NA,NA,NA,NA,-61.7451598329006,-2.35236664069038,NA,NA,10.5429922179658
338,NA,NA,NA,NA,-75.5869771863536,-1.62432341561373,NA,NA,22.0598848277332
339,NA,NA,NA,NA,-83.8251712912555,0.103557186146816,NA,NA,31.8351046348001
340,NA,NA,NA,NA,-94.8709316784112,0.031203758783704,NA,NA,28.9458410361085
341,NA,NA,NA,NA,-91.5281685595438,3.8478162796178,NA,NA,NA
342,NA,NA,NA,NA,-137.347503099533,0.74209571450308,NA,NA,-3.16855852283931
343,NA,NA,NA,NA,-124.869120941627,1.05613937217839,NA,NA,-2.98315151061763
344,NA,NA,NA,NA,-114.140490261303,4.1901137550293,NA,NA,-2.86481369401389
345,NA,NA,NA,NA,-110.859619532166,34.2358456379162,NA,NA,-2.94548940176372
346,NA,NA,NA,NA,-115.188360414223,36.6550309547796,NA,NA,-2.79700223572411
347,NA,NA,NA,NA,-78.4203787577358,-5.10066056868382,NA,NA,-1.15213518726938
348,NA,NA,NA,NA,-50.1040662427408,-27.3528369765392,NA,NA,-0.0406828125308039
349,NA,NA,NA,NA,-44.6102168968406,-26.5018163356914,NA,NA,0.4731768860172
350,NA,NA,NA,NA,-42.2549429878378,-23.3207654321482,NA,NA,0.232231523122408
351,NA,NA,NA,NA,-43.4929534108935,-19.4566532514508,NA,NA,2.23280837094711
352,NA,NA,NA,NA,-54.2841878548013,-7.92263904469121,NA,NA,1.2688862663847
353,NA,NA,NA,NA,-50.1370002185383,-3.08056902816801,NA,NA,0.14158524030799
354,NA,NA,NA,NA,-43.96329299607,0.960849366133303,NA,NA,0.0554005599643972
355,NA,NA,NA,NA,-31.4404866272887,10.0411468896844,NA,NA,2.9421607488037
356,NA,NA,NA,NA,-31.4658295020001,13.6275494488892,NA,NA,3.08035612556741
357,NA,NA,NA,NA,-23.2855506278962,18.5393940213096,NA,NA,5.60713031599049
358,NA,NA,NA,NA,-22.0175824968814,16.8008870124067,NA,NA,3.9972562526183
359,NA,NA,NA,NA,-18.4277037838734,13.5571204139549,NA,NA,2.77920393102819
360,NA,NA,NA,NA,-17.6043641111802,11.4414541179534,NA,NA,6.0873030072441
361,NA,NA,NA,NA,-21.0019046386892,8.2781276644107,NA,NA,5.8523162322805
362,NA,NA,NA,NA,-18.7567534734339,10.6655478430119,NA,NA,4.3723208222245
363,NA,NA,NA,NA,-19.9326937985382,13.815574808414,NA,NA,2.5250773360362
364,NA,NA,NA,NA,-25.2742765079413,17.7604957732651,NA,NA,0.942159358461303
365,NA,NA,NA,NA,-24.1794035095964,18.9967523858779,NA,NA,-0.666138731826699
366,NA,NA,NA,NA,-22.0945124808364,14.1488452544844,NA,NA,0.0104919106127994
367,NA,NA,NA,NA,-25.1653486817488,16.1445475766792,NA,NA,0.0856207895395968
368,NA,NA,NA,NA,-25.2433206528662,16.9775569974327,NA,NA,0.325562163440694
369,NA,NA,NA,NA,-17.9453257851926,11.9726266625723,NA,NA,-0.4993142353661
370,NA,NA,NA,NA,-10.7605974698477,8.2169697339231,NA,NA,-0.249687787932004
371,NA,NA,NA,NA,-9.8402661762126,5.978012284342,NA,NA,0.502683633087202
372,NA,NA,NA,NA,-3.3866504695376,1.5407527473563,NA,NA,0.171098765688299
373,NA,NA,NA,NA,-4.2950281307792,2.4619391406592,NA,NA,-0.372382375161195
374,NA,NA,NA,NA,-1.4517213311122,3.1855749689234,NA,NA,-0.131805176436799
375,NA,NA,NA,NA,2.4612626526908,7.0332730220841,NA,NA,-1.20880455140249
376,NA,NA,NA,NA,-2.0681983281049,11.8991141737355,NA,NA,-2.74438060066521
377,NA,NA,NA,NA,-6.2610348983823,13.0104568903233,NA,NA,-4.3175370193824
378,NA,NA,NA,NA,-3.6377089390943,9.7348590192197,NA,NA,-5.98749243600329
379,NA,NA,NA,NA,-1.7517741018781,9.3269160676731,NA,NA,-4.43743396349041
380,NA,NA,NA,NA,-5.4647605450044,11.530116441467,NA,NA,-3.5821225009076
381,NA,NA,NA,NA,1.0316265707676,9.2492771224746,NA,NA,-5.9248456678953
382,NA,NA,NA,NA,8.8165777860845,6.5065424437509,NA,NA,-5.8608936594302
383,NA,NA,NA,NA,10.256156999065,-0.0822621500120064,NA,NA,-4.69028305980819
384,NA,NA,NA,NA,11.5012474425584,-8.875938671177,NA,NA,-5.699847614812
385,NA,NA,NA,NA,6.6603851825305,-9.6530783107622,NA,NA,-5.2690575606572
386,NA,NA,NA,NA,8.4265989014681,-14.8378614416085,NA,NA,-7.0123250908142
387,NA,NA,NA,NA,6.5280985919398,-16.4079223299446,NA,NA,-7.24629787721
388,NA,NA,NA,NA,11.0416629297804,-19.0224303208564,NA,NA,-3.54101084550341
389,NA,NA,NA,NA,10.6899643495213,-20.3454435516326,NA,NA,-2.1026495619579
390,NA,NA,NA,NA,7.6930025263108,-20.3468492130233,NA,NA,-3.1699278742547
391,NA,NA,NA,NA,4.3016098955764,-20.1726736503067,NA,NA,0.0786274961804025
392,NA,NA,NA,NA,8.409114191159,-26.1572899042123,NA,NA,-0.641106346719596
393,NA,NA,NA,NA,6.0748923587527,-28.6240838670792,NA,NA,1.29250131779889
394,NA,NA,NA,NA,6.2320455881891,-46.0129906729419,NA,NA,0.972769597797395
395,NA,NA,NA,NA,7.1971786023896,-36.5439772940854,NA,NA,0.0584200257842014
396,NA,NA,NA,NA,5.1270427384471,-32.3887901265408,NA,NA,0.485904009601498
397,NA,NA,NA,NA,3.1486165293696,-23.8323099590547,NA,NA,-1.1732851111287
398,NA,NA,NA,NA,0.983973955943299,-18.8658114352318,NA,NA,-1.6565634036063
399,NA,NA,NA,NA,2.6531292410883,-23.6341169881358,NA,NA,-6.76864210902295e-06
400,3.3040457873487,-59.0945727425195,NA,NA,3.2191924418879,-27.1229332307596,NA,NA,-0.427029186676606
401,1.3146713797693,-72.3570158412784,NA,NA,3.9220818843807,-28.4133784835829,NA,NA,-0.231725463824588
402,1.1984165142815,-79.9968718967636,NA,NA,5.16429311991109,-28.8690984634268,NA,NA,-0.0739275418837053
403,3.9977838090415,-86.1802342924365,NA,NA,4.1134638431399,-29.2234192127655,NA,NA,0.193655793634321
404,-1.1362826056119,-84.4165498139782,NA,NA,4.5227468701565,-28.5862832176224,NA,NA,-0.20939803041648
405,1.7779202535338,-79.2381992440704,NA,NA,3.72676143951121,-29.3664586982303,NA,NA,-0.473203072631378
406,-0.3518995290231,-74.1448350262497,NA,NA,3.52443594740771,-30.9409767986177,NA,NA,-0.348883853030998
407,-5.7964205090824,-67.4424859665062,NA,NA,0.436200804102199,-31.1080209211087,NA,NA,0.290129130857906
408,NA,-63.1515064075951,NA,NA,-3.21085582136949,-27.9331750000605,NA,NA,-0.0642841349895065
409,NA,-59.1705145198476,NA,NA,-0.795765076829397,-33.8367467876584,NA,NA,0.227445665268093
410,NA,-57.8346565573744,NA,NA,0.212729138817295,-35.3841118027355,NA,NA,0.313701621468809
411,NA,-53.926603869478,NA,NA,-2.479750444003,-30.5834853944624,NA,NA,0.546750886027397
412,NA,-40.5547074015056,NA,NA,2.1438730263214,-34.4379208333802,NA,NA,0.246826791678799
413,NA,-38.9078158057616,NA,NA,-0.0961018064050876,-35.3047832231344,NA,NA,0.0140773200971012
414,NA,-39.3375752785742,NA,NA,-4.5805086551495,-33.6692906500434,NA,NA,-0.134933638140609
415,NA,-42.2541136438734,NA,NA,-7.21231706067709,-34.6581818342731,NA,NA,-0.263592727066595
416,NA,-45.2821941273612,NA,NA,-8.8969254132308,-33.6088815998789,NA,NA,-0.305194244591505
417,NA,-44.9778369546855,NA,NA,-10.4275154539046,-31.4748353387222,NA,NA,-0.806811856807798
418,NA,-43.1183737294092,NA,NA,-12.6267962729448,-27.2890960775927,NA,NA,-0.324226038822502
419,NA,-45.6707248805882,NA,NA,-4.701446952021,-37.8371178018804,NA,NA,-0.572638719533188
420,NA,-48.4267045510907,NA,NA,-4.56737353043151,-39.6767033176424,NA,NA,0.778614269930387
421,NA,-50.1260022507182,NA,NA,-1.82236282170661,-41.7660364792901,NA,NA,0.874851740362288
422,NA,-55.2870175730136,NA,NA,-1.78995422897569,-40.4067484403612,NA,NA,0.309194168255203
423,NA,-60.1219630252824,NA,NA,-6.9921497572047,-40.0648284652057,NA,NA,-0.344933625287496
424,NA,-60.9027687661258,NA,NA,-8.3211572177467,-34.432197490476,NA,NA,-0.67634695170301
425,NA,-63.1432643396975,NA,NA,-5.3651944659519,-33.8185180990656,NA,NA,-0.20615649378621
426,NA,-68.3316928404443,NA,NA,-3.44904786910691,-37.7716267640287,NA,NA,0.659566465017207
427,NA,-75.7585349519002,NA,NA,-9.65425084214939,-32.0193217791475,NA,NA,0.271301101713703
428,NA,-82.6232816293402,NA,NA,-13.6325177553915,-31.0178120194962,NA,NA,0.332361653508599
429,NA,-83.7499064863326,NA,NA,-9.32033597582719,-38.2238241511254,NA,NA,0.441873191466186
430,NA,-84.9942162750405,NA,NA,1.77259391012319,-44.6589658860036,NA,NA,-0.317541686506189
431,NA,-85.2160273119042,NA,NA,-2.4977540838558,-37.8650239611484,NA,NA,-0.139736305848317
432,NA,-86.2264991085497,NA,NA,5.90353214365571,-49.9273136229003,NA,NA,-0.935184304996
433,NA,-89.6378225829987,NA,NA,3.96073136943149,-52.2009474396828,NA,NA,-2.80540141063508
434,NA,-96.4553489832101,NA,NA,2.60622143718552,-50.6804716602794,NA,NA,-4.34175812427179
435,NA,-101.480706146124,NA,NA,-2.13757426670921,-45.5329870445561,NA,NA,-2.41668826130709
436,NA,-108.537025397277,NA,NA,-2.12166025307079,-46.8468891552926,NA,NA,-1.89485297993158
437,NA,-113.43052320015,NA,NA,2.1453433289702,-51.5117996403051,NA,NA,-1.17883974043778
438,NA,-115.582590121736,NA,NA,4.55539011322989,-53.5695628351493,NA,NA,-1.15482453978069
439,NA,-112.195654363348,NA,NA,2.43781917223458,-51.66269029251,NA,NA,-0.678864160874497
440,NA,-112.694073810975,NA,NA,1.83242346943132,-53.2066697700647,NA,NA,0.131520637188117
441,NA,-111.080250165973,NA,NA,7.7790411286469,-58.0960262909995,NA,NA,2.90269241057399
442,NA,-109.122294822089,NA,NA,7.62920280686271,-56.6733265607432,NA,NA,3.67012917573911
443,NA,-109.921522694173,NA,NA,4.9877646682082,-53.1674827830842,NA,NA,2.9480191326366
444,NA,-106.088750178946,NA,NA,3.44550687199089,-51.2007677199147,NA,NA,3.67230888327842
445,NA,-101.171255287099,NA,NA,-1.3205590059984,-45.920547668322,NA,NA,4.3372858256636
446,NA,-95.2168288812656,NA,NA,-8.559274066781,-38.1236248626984,NA,NA,4.54155331203131
447,NA,-88.3319601363998,NA,NA,-12.5159385178811,-31.2941702257902,NA,NA,3.69294872844588
448,NA,-80.5335877732254,NA,NA,-15.632342743649,-28.5795543447345,NA,NA,2.68746926862232
449,NA,-69.4024698553952,NA,NA,-18.9616061119304,-25.1541942458889,NA,NA,-0.0102809652921962
450,NA,-58.962713719666,NA,NA,-17.1627702905787,-25.5288684833496,NA,NA,-0.823473798194698
451,NA,-48.4549683731839,NA,NA,-19.6298390198727,-20.5995681805278,NA,NA,-1.2385534923537
452,NA,-40.2571896816347,NA,NA,-20.3465543499434,-13.4370329741481,NA,NA,-0.832455736843912
453,NA,-35.001784006254,NA,NA,-25.4739515751938,-7.0491606268898,NA,NA,-0.335476659302202
454,NA,-26.4700269366972,NA,NA,-24.8891014151141,-8.8787981281065,NA,NA,0.0393146413199048
455,NA,-18.6796006785736,NA,NA,-24.7501887668089,-9.16951002392571,NA,NA,1.8924070274366
456,NA,-11.2016183981974,NA,NA,-30.0304788327436,-6.117372662295,NA,NA,2.02919278400719
457,NA,-6.227585938418,NA,NA,-24.2277287995791,-11.4483896208878,NA,NA,1.631574695099
458,NA,-0.7275855841789,NA,NA,-22.9759191465573,-9.8684537676362,NA,NA,1.94567914152361
459,NA,3.1695209981503,NA,NA,-19.571593794604,-13.7910149488805,NA,NA,0.0349806957077874
460,NA,3.5408202518814,NA,NA,-16.2633994185676,-11.6192052838012,NA,NA,-1.7342299753127
461,NA,3.0289486668691,NA,NA,-17.9883570344597,-2.2123097481433,NA,NA,-1.4611250781842
462,NA,6.071998819081,NA,NA,-15.2373298425101,-3.8936824307902,NA,NA,-0.7734341494712
463,NA,9.7581810319432,NA,NA,-11.7008418717815,-2.4429310505872,NA,NA,-0.540008798508097
464,NA,10.6007179109342,NA,NA,-11.1594294688379,0.173158871333399,NA,NA,-0.969329620736801
465,NA,10.7276207174623,NA,NA,-13.6333930266746,7.3652844933358,NA,NA,-0.690045355338
466,NA,11.9454862472571,NA,NA,-10.5837565371457,10.6741879460902,NA,NA,-0.662995733733496
467,NA,13.0082115966851,NA,NA,-5.6982357606869,12.4195872440038,NA,NA,-0.617755718718698
468,NA,10.9357661825688,NA,NA,1.2859330274259,13.9284805089479,NA,NA,0.0600178023197984
469,NA,6.2285064261649,NA,NA,13.1118161991422,9.2394055158004,NA,NA,-0.2314666337417
470,NA,6.4517956249416,NA,NA,23.4087733497494,0.270383039649801,NA,NA,0.0900730263589011
471,NA,9.3222395238499,NA,NA,28.5750485634532,-3.4594189323617,NA,NA,0.0789685992149991
472,NA,9.4244139917159,NA,NA,45.252214459092,-10.9694481826667,NA,NA,-0.545143699714099
473,NA,6.6181457273124,NA,NA,52.4269243305945,-18.87972649203,NA,NA,-0.506583417979797
474,NA,-0.608241377960702,NA,NA,55.1671269142516,-24.33603013336,NA,NA,0.026246914237106
475,NA,-2.6978965528706,NA,NA,63.4422652070584,-30.5734907801529,NA,NA,0.361703127285601
476,NA,-2.5930478577246,NA,NA,67.4299343263288,-33.4444338291859,NA,NA,0.531955279857399
477,NA,-4.9893198469751,NA,NA,74.6989307143272,-32.891987491328,NA,NA,0.176240755090198
478,NA,-6.3944861674418,NA,NA,73.8416761017554,-32.9080234797585,NA,NA,-0.172695296261303
479,NA,-6.9195277377289,NA,NA,66.5189781686821,-26.608691568447,NA,NA,0.343521784371305
480,NA,-5.78996249037669,NA,NA,68.984795833936,-22.6196929850184,NA,NA,-0.576110481279102
481,NA,-4.2336903961165,NA,NA,72.7090125110424,-23.2015681882296,NA,NA,0.199075974494306
482,NA,-9.51588606783,NA,NA,75.9441723386397,-22.7102035522348,NA,NA,-0.5108325297834
483,NA,-11.5562118143207,NA,NA,85.2589403164083,-29.2710546957546,NA,NA,-1.146722362932
484,NA,-10.755951686855,NA,NA,93.0532243901466,-30.7000943332946,NA,NA,0.535575850844502
485,NA,-9.93936542930619,NA,NA,94.0495399692444,-31.2195907291175,NA,NA,1.7425819954701
486,NA,-13.5063948738222,NA,NA,95.0613840685642,-34.7227650837508,NA,NA,1.0801509320867
487,NA,-13.8853534100499,NA,NA,98.1152268384894,-37.4543400601252,NA,NA,0.605712646173103
488,NA,-13.501874297577,NA,NA,98.2144599660595,-40.8318983783057,NA,NA,-0.0399128739948011
489,NA,-19.1829980245344,NA,NA,102.685783112999,-44.4782914537409,NA,NA,-0.229265809063399
490,NA,-29.0098783668156,NA,NA,107.123393948507,-47.8507811205083,NA,NA,-0.581085329514799
491,NA,-35.2449353301788,NA,NA,105.277504592613,-47.9365453298799,NA,NA,-0.239770246771805
492,NA,-39.8742743315063,NA,NA,105.079030416055,-48.2519881167886,NA,NA,4.927117627502
493,NA,-42.94270703042,NA,NA,107.02006668577,-49.1672486219044,NA,NA,9.8189146262066
494,NA,-47.6055777563959,NA,NA,107.876991089594,-49.2785558776102,NA,NA,15.1342524868916
495,NA,-48.9594634430276,NA,NA,108.692483204542,-48.0007220098971,NA,NA,11.9360320923101
496,NA,-45.2717919267725,NA,NA,105.270110697698,-50.6757062042729,NA,NA,9.2288033161705
497,NA,-46.7445521194793,NA,NA,100.331690182574,-49.7399708441634,NA,NA,13.0754091378005
498,NA,-45.6815998773542,NA,NA,98.2610914929691,-45.7152967523952,NA,NA,14.2593398208357
499,NA,-42.5883936933621,NA,NA,94.0151531896863,-41.5875118971539,NA,NA,13.6753436732212
500,NA,-41.309144665002,NA,NA,88.7858394145172,-35.2433876217943,NA,NA,19.2431965365373
501,NA,-44.3137243592518,NA,NA,85.7972623023425,-34.8138537114475,NA,NA,22.5971409845794
502,NA,-47.4257925346126,NA,NA,81.6376728842633,-34.2638874075096,NA,NA,25.1407990090734
503,NA,-46.3736179366665,NA,NA,77.3195201727455,-31.454752199103,NA,NA,28.2231131396856
504,NA,-44.9331126575228,NA,NA,72.083774530429,-24.1462259594053,NA,NA,27.4457719583235
505,NA,-45.2675300692301,NA,NA,68.2403743408494,-25.7865578335955,NA,NA,31.8602861103048
506,NA,-44.9199454541958,NA,NA,62.3406594403549,-24.6919776834427,NA,NA,46.9632818692208
507,NA,-40.9383217049856,NA,NA,56.176877376155,-17.5300377692134,NA,NA,53.6694943536763
508,NA,-36.2336444749202,NA,NA,48.8996917793772,-13.9889251754901,NA,NA,49.2538561755182
509,NA,-37.182739898682,NA,NA,43.7970908033548,-5.0270790868177,NA,NA,42.1424209898511
510,NA,-41.2167546324634,NA,NA,37.4878973637426,3.5317656300109,NA,NA,35.3880627674904
511,NA,-44.3069009182929,NA,NA,35.6593993402545,6.1542861361209,NA,NA,32.7158124712454
512,NA,-43.3016461103872,NA,NA,30.2975695298251,5.391588581612,NA,NA,31.59950963319
513,NA,-36.9723172846882,NA,NA,27.2455088453772,8.1178624821957,NA,NA,27.4162404349528
514,NA,-35.5407027641446,NA,NA,19.216837700915,15.4831044730652,NA,NA,24.6519091374961
515,NA,-27.3913428504454,NA,NA,14.8197695796821,16.2632271061181,NA,NA,21.6356279309386
516,NA,-26.8824563494171,NA,NA,17.5927538924064,15.0589529682722,NA,NA,19.513609693359
517,NA,-25.1062940697815,NA,NA,19.8181383498785,15.5620684569082,NA,NA,21.7985623956131
518,NA,-24.4830269555049,NA,NA,25.722099110081,13.1455655220034,NA,NA,21.5480282685931
519,NA,-22.1462758007474,NA,NA,27.3217518302156,7.0065045921207,NA,NA,21.507151947298
520,NA,-18.5176468749208,NA,NA,22.6510073519816,9.1315650542166,NA,NA,21.6821831941568
521,NA,-17.6664270389265,NA,NA,21.7535073342004,2.4814174495615,NA,NA,22.2093836724841
522,NA,-12.3535961066735,NA,NA,17.9573608149267,-1.6493682655254,NA,NA,22.725778504356
523,NA,-6.2779823246081,NA,NA,16.3862568188972,4.4847685712639,NA,NA,23.1022028059834
524,NA,-2.6206886856018,NA,NA,14.9500224594517,3.3796713830654,NA,NA,23.0172225605641
525,NA,-1.9465734301118,NA,NA,11.0642930636479,4.2853609540338,NA,NA,24.8200619754053
526,NA,-2.5327202187601,NA,NA,9.7044395129271,-1.7172890189103,NA,NA,22.8417720377732
527,NA,-1.6226689179606,NA,NA,9.5389821984754,-2.4580996603158,NA,NA,23.2552479783561
528,NA,-0.8030094248022,NA,NA,13.532218473443,-9.8058362121169,NA,NA,23.8909927445852
529,NA,0.191532588568299,NA,NA,13.659558393199,-12.8423027096324,NA,NA,24.8553989373806
530,NA,2.6320292316955,NA,NA,10.9381527171398,-10.3284288876952,NA,NA,26.7497863701371
531,NA,6.5228764247026,NA,NA,9.2832296111935,-10.3047959406337,NA,NA,27.204101340519
532,NA,9.3528525172073,NA,NA,8.2364954442596,-12.5209166853051,NA,NA,26.6965376677774
533,NA,NA,NA,-33.8120669979867,3.1649219441508,-13.3198232116011,NA,NA,26.6983339122975
534,NA,NA,NA,-30.2574647908896,7.0611282679241,-19.4625046121738,NA,NA,24.792551431156
535,NA,NA,NA,-33.3571355591438,8.6826304706114,-17.8297634291105,NA,NA,24.8325884190183
536,NA,NA,NA,-33.3367613597055,10.6498732669811,-19.8198436032554,NA,NA,25.6092726552953
537,NA,NA,NA,-35.8739128012233,8.8587061535089,-18.0860853827631,NA,NA,22.7519709463195
538,NA,NA,NA,-33.799872813898,4.9270628225083,-17.0947183346037,NA,NA,23.3264463286376
539,NA,NA,NA,-35.9095466025474,4.1377388990066,-11.7930943128145,NA,NA,21.7097012045284
540,NA,NA,NA,-38.4418963317158,1.493626637265,-6.9347644543594,NA,NA,20.2347316558127
541,NA,NA,NA,-38.2428120876494,17.94444489276,-21.5852067209048,NA,NA,19.3923696108518
542,NA,NA,NA,-38.4607685807407,16.4087498031087,-16.6795373533658,NA,NA,20.2036828428152
543,NA,NA,NA,-36.0607036296475,13.0204615782095,-17.5591567324034,NA,NA,19.1823437776519
544,NA,NA,NA,-34.2083215508569,6.9859583011207,-10.753384669533,NA,NA,17.6409397538297
545,NA,NA,NA,-33.4374895696801,8.0454603534943,-8.7362105883589,NA,NA,11.5694951542544
546,NA,NA,NA,-34.2341508184993,17.1867858775076,-15.92579579608,NA,NA,13.1155523023348
547,NA,NA,NA,-35.5098540173859,24.7767417716812,-24.6776344963311,NA,NA,7.609210443353
548,NA,NA,NA,-35.256924758431,28.7286328302261,-28.5170023923145,NA,NA,3.6730967639511
549,NA,NA,NA,-34.207431569747,33.4381843197621,-33.5798023874723,NA,NA,10.1914624052093
550,NA,NA,NA,-33.6748914520908,30.573848213376,-30.4542110753832,NA,NA,7.0725081053647
551,NA,NA,NA,-31.947164784266,25.6205860750794,-25.6919753379568,NA,NA,8.6032103955082
552,NA,NA,NA,-31.3949896345825,25.7502444994445,-27.2417767587294,NA,NA,7.4215900470183
553,NA,NA,NA,-26.2802025862224,27.9874413954143,-28.4096150122425,NA,NA,9.2191653046038
554,NA,NA,NA,-26.9514351767518,28.0512256215681,-24.6332632816355,NA,NA,9.2403564578409
555,NA,NA,NA,-27.6471789921947,28.186211614542,-19.5963841311884,NA,NA,8.1993717481875
556,NA,NA,NA,-20.7216718112612,24.3185200667943,-20.756463872196,NA,NA,7.9253083836982
557,NA,NA,NA,-20.8189983368515,26.1661720385153,-20.9052578473722,NA,NA,7.2801564552832
558,NA,NA,NA,-24.2954248993922,30.2263715123006,-19.4704747980361,NA,NA,7.6312119669158
559,NA,NA,NA,-24.7336800525232,33.3446998637952,-18.9972893514186,NA,NA,7.5300857292462
560,NA,NA,NA,-22.6207690661387,33.7677710551753,-14.9049889604838,NA,NA,7.8380027715049
561,NA,NA,NA,-19.7719161304851,32.4026673466708,-17.4736190821495,NA,NA,6.2688631544303
562,NA,NA,NA,-15.5272983128038,28.678703324345,-15.8766990777901,NA,NA,6.3230312104216
563,NA,NA,NA,-11.0919154573062,26.4642925253472,-14.0111927986386,NA,NA,5.8570804022443
564,NA,NA,NA,-10.166523123183,27.4693494298649,-13.3634323476562,NA,NA,6.3621977380323
565,NA,NA,NA,-9.0851452628187,30.2646489138115,-16.9816264722237,NA,NA,6.9436421724803
566,NA,NA,NA,-12.6243176336482,35.9842914573399,-18.7080816983207,NA,NA,8.175543976252
567,NA,NA,NA,-8.7661865801334,41.3204202136539,-25.4463818270199,NA,NA,9.3204632363649
568,NA,NA,NA,-14.0985831657118,45.1185912863268,-27.42219609851,NA,NA,10.6450166017308
569,NA,NA,NA,-6.8503159197179,51.2270428507746,-31.7860686255603,NA,NA,11.3693998971843
570,NA,NA,NA,-5.0829779083526,52.1612727417242,-33.9977969670413,NA,NA,11.8357451491577
571,NA,NA,NA,0.385134225365398,44.1253825884891,-34.9362725237458,NA,NA,11.7744779219976
572,NA,NA,NA,1.52743440429209,41.4177169679982,-29.8643268877554,NA,NA,9.4515659028113
573,NA,NA,NA,4.584665723688,35.7174955546354,-22.4034874761384,NA,NA,8.7372669515729
574,NA,NA,NA,14.0760366214755,30.1451830913745,-18.6236645019343,NA,NA,6.3496070252755
575,NA,NA,NA,22.1310674598903,28.6465091496187,-18.2516410159541,NA,NA,4.5424017844122
576,NA,NA,NA,27.6037642278018,22.6238124842299,-9.2741060540583,NA,NA,1.6194196037046
577,NA,NA,NA,35.8800654353548,16.9658753088173,-0.8121678609019,NA,NA,1.0902141523958
578,NA,NA,NA,47.1541947867801,10.4051306116268,7.9432124417766,NA,NA,-0.4890402117591
579,NA,NA,NA,51.3497088662882,9.8065654449908,12.8793648406778,NA,NA,-1.7289225940345
580,NA,NA,NA,56.9590011125243,11.2779234609311,18.3973546796623,NA,NA,-0.3341506674688
581,NA,NA,NA,60.5586119020282,14.7246441636123,21.7177764546768,NA,NA,-2.6816789480263
582,NA,NA,NA,59.9047650236083,21.4586324575486,29.3022775587752,NA,NA,-3.510053277692
583,NA,NA,NA,58.7836599740776,33.9980821351661,32.4002316163927,NA,NA,-4.5323327931398
584,NA,NA,NA,54.3623152245827,42.8001780175299,38.6669863459921,NA,NA,-2.3112884930284
585,NA,NA,NA,52.4692146736402,47.46663503132,44.7748000968598,NA,NA,0.3438856443169
586,NA,NA,NA,52.2175450611293,47.0368099047476,50.1143645070395,NA,NA,0.8467814839238
