<?xml version="1.0" encoding="UTF-8"?>
<metadata xml:lang="en"><Esri><CreaDate>20131115</CreaDate><CreaTime>11353200</CreaTime><SyncOnce>FALSE</SyncOnce><SyncDate>20131120</SyncDate><SyncTime>09390300</SyncTime><ModDate>20131120</ModDate><ModTime>09390300</ModTime><ArcGISProfile>ItemDescription</ArcGISProfile><ArcGISFormat>1.0</ArcGISFormat><ArcGISstyle>FGDC CSDGM Metadata</ArcGISstyle><DataProperties><lineage><Process ToolSource="c:\program files (x86)\arcgis\desktop10.1\ArcToolbox\Toolboxes\Data Management Tools.tbx\Project" Date="20131115" Time="113533">Project sv4mom_AGL "C:\Users\cjackson\Desktop\ambur-hva prototype NOV 2013\data\camden_brunswick_NWS_slosh_MOM_AGL_utm.shp" PROJCS['NAD_1983_UTM_Zone_17N',GEOGCS['GCS_North_American_1983',DATUM['D_North_American_1983',SPHEROID['GRS_1980',6378137.0,298.257222101]],PRIMEM['Greenwich',0.0],UNIT['Degree',0.0174532925199433]],PROJECTION['Transverse_Mercator'],PARAMETER['False_Easting',500000.0],PARAMETER['False_Northing',0.0],PARAMETER['Central_Meridian',-81.0],PARAMETER['Scale_Factor',0.9996],PARAMETER['Latitude_Of_Origin',0.0],UNIT['Meter',1.0]] # GEOGCS['GCS_North_American_1983',DATUM['D_North_American_1983',SPHEROID['GRS_1980',6378137.0,298.257222101]],PRIMEM['Greenwich',0.0],UNIT['Degree',0.0174532925199433]]</Process><Process ToolSource="c:\program files (x86)\arcgis\desktop10.1\ArcToolbox\Toolboxes\Analysis Tools.tbx\Clip" Date="20131120" Time="093903">Clip camden_brunswick_NWS_slosh_MOM_AGL_utm jekyll_area C:\Users\cjackson\Desktop\jekyll_hva\Jekyll_SLOSH_MOM_AGL.shp #</Process></lineage><itemProps><itemName Sync="TRUE">Jekyll_SLOSH_MOM_AGL</itemName><imsContentType Sync="TRUE">002</imsContentType><itemSize Sync="TRUE">0.000</itemSize><itemLocation><linkage Sync="TRUE">file://\\GEOD2012115XRH1\C$\Users\cjackson\Desktop\jekyll_hva\Jekyll_SLOSH_MOM_AGL.shp</linkage><protocol Sync="TRUE">Local Area Network</protocol></itemLocation></itemProps><coordRef><type Sync="TRUE">Projected</type><geogcsn Sync="TRUE">GCS_North_American_1983</geogcsn><csUnits Sync="TRUE">Linear Unit: Meter (1.000000)</csUnits><projcsn Sync="TRUE">NAD_1983_UTM_Zone_17N</projcsn><peXml Sync="TRUE">&lt;ProjectedCoordinateSystem xsi:type='typens:ProjectedCoordinateSystem' xmlns:xsi='http://www.w3.org/2001/XMLSchema-instance' xmlns:xs='http://www.w3.org/2001/XMLSchema' xmlns:typens='http://www.esri.com/schemas/ArcGIS/10.1'&gt;&lt;WKT&gt;PROJCS[&amp;quot;NAD_1983_UTM_Zone_17N&amp;quot;,GEOGCS[&amp;quot;GCS_North_American_1983&amp;quot;,DATUM[&amp;quot;D_North_American_1983&amp;quot;,SPHEROID[&amp;quot;GRS_1980&amp;quot;,6378137.0,298.257222101]],PRIMEM[&amp;quot;Greenwich&amp;quot;,0.0],UNIT[&amp;quot;Degree&amp;quot;,0.0174532925199433]],PROJECTION[&amp;quot;Transverse_Mercator&amp;quot;],PARAMETER[&amp;quot;false_easting&amp;quot;,500000.0],PARAMETER[&amp;quot;false_northing&amp;quot;,0.0],PARAMETER[&amp;quot;central_meridian&amp;quot;,-81.0],PARAMETER[&amp;quot;scale_factor&amp;quot;,0.9996],PARAMETER[&amp;quot;latitude_of_origin&amp;quot;,0.0],UNIT[&amp;quot;Meter&amp;quot;,1.0],AUTHORITY[&amp;quot;EPSG&amp;quot;,26917]]&lt;/WKT&gt;&lt;XOrigin&gt;-5120900&lt;/XOrigin&gt;&lt;YOrigin&gt;-9998100&lt;/YOrigin&gt;&lt;XYScale&gt;450445547.3910538&lt;/XYScale&gt;&lt;ZOrigin&gt;-100000&lt;/ZOrigin&gt;&lt;ZScale&gt;10000&lt;/ZScale&gt;&lt;MOrigin&gt;-100000&lt;/MOrigin&gt;&lt;MScale&gt;10000&lt;/MScale&gt;&lt;XYTolerance&gt;0.001&lt;/XYTolerance&gt;&lt;ZTolerance&gt;0.001&lt;/ZTolerance&gt;&lt;MTolerance&gt;0.001&lt;/MTolerance&gt;&lt;HighPrecision&gt;true&lt;/HighPrecision&gt;&lt;WKID&gt;26917&lt;/WKID&gt;&lt;LatestWKID&gt;26917&lt;/LatestWKID&gt;&lt;/ProjectedCoordinateSystem&gt;</peXml></coordRef></DataProperties></Esri><idinfo><citation><citeinfo><origin>Meterological Development Laboratory, Office of Science and Technology, National Weather Service (NWS)</origin><title Sync="TRUE">sv4mom_AGL</title><ftname Sync="TRUE">sv3mom</ftname><geoform Sync="TRUE">vector digital data</geoform><onlink>{Slosh CD}\sv3mom\sv3mom.shp</onlink></citeinfo></citation><descript><langdata Sync="TRUE">en</langdata><abstract>This file contains all the MOMs AGL (Above Ground Level) generated by the National Hurricane Center for the Savannah SLOSH (Sea, Lake, and Overland Surge from Hurricanes) basin. Ground level is defined to be the average grid cell height for land cells and 0 for water cells. The ground level value is defined in the topography field and is the value above the basin's datum. A MOM (also known as the Maximum of MEOWs) depicts the potential flooding for a given Saffir-Simpson hurricane category, and is a composite of the maximum storm surge heights for all simulated hurricanes of that category regardless of direction and speed. A basin is a collection of bathymetry and topography used by the SLOSH model to compute storm surge. SLOSH is a numerical model used by the NWS to compute storm surge, an abnormal change in the water level due to a storm's winds and pressure.</abstract><purpose>Distributed with NWS's SLOSH Display program, this file allows the Savannah/Hilton Head MOM values to be viewed in external GIS products.</purpose></descript><timeperd><current>publication date</current><timeinfo><sngdate><caldate>09/2011</caldate></sngdate></timeinfo></timeperd><status><progress>Complete</progress><update>As needed</update></status><spdom><bounding><westbc Sync="TRUE">-82.351298</westbc><eastbc Sync="TRUE">-78.046498</eastbc><northbc Sync="TRUE">34.023919</northbc><southbc Sync="TRUE">28.515119</southbc></bounding><lboundng><leftbc Sync="TRUE">-82.351298</leftbc><rightbc Sync="TRUE">-78.046498</rightbc><bottombc Sync="TRUE">28.515119</bottombc><topbc Sync="TRUE">34.023919</topbc></lboundng></spdom><accconst>Intended for use by FEMA, NWS, Emergency Managers, and USACE only.</accconst><natvform Sync="TRUE">Shapefile</natvform><ptcontac><cntinfo><cntperp><cntper>Arthur Taylor</cntper><cntorg>National Weather Service</cntorg></cntperp><cntvoice>301-713-1613 x167</cntvoice><cntemail>arthur.taylor@noaa.gov</cntemail></cntinfo></ptcontac><native Sync="TRUE">Microsoft Windows XP Version 5.1 (Build 2600) Service Pack 3; ESRI ArcCatalog 9.3.1.3000</native></idinfo><distInfo><distributor><distorTran><onLineSrc><linkage Sync="TRUE">file://\\NWS-FS1\OST-DS$\OST2_D\OST25\CDS\shp_mom_unzip\sv3\sv3mom.shp</linkage><protocol Sync="TRUE">Local Area Network</protocol><orDesc Sync="TRUE">002</orDesc></onLineSrc><transSize Sync="TRUE">3.897</transSize></distorTran><distorFormat><formatName Sync="TRUE">Shapefile</formatName></distorFormat></distributor><distFormat><formatName Sync="TRUE">Shapefile</formatName></distFormat><distTranOps><transSize Sync="TRUE">0.000</transSize></distTranOps></distInfo><dataqual><lineage><procstep><date Sync="TRUE">20081124</date><time Sync="TRUE">09343200</time></procstep><procstep><procdesc Sync="TRUE">Dataset copied.</procdesc><srcused Sync="TRUE">S:\OST2_D\OST25\CDS\slosh_CD\em2mom\em2mom</srcused><procdate Sync="TRUE">20090114</procdate><proctime Sync="TRUE">16150300</proctime></procstep><procstep><procdesc Sync="TRUE">Metadata imported.</procdesc><srcused Sync="TRUE">S:\OST2_D\OST25\ArcGIS\Documentation\Metadata_Templates\Mom_meta.xml</srcused><procdate Sync="TRUE">20090205</procdate><proctime Sync="TRUE">17595600</proctime></procstep></lineage></dataqual><dataIdInfo><envirDesc Sync="TRUE">Microsoft Windows 7 Version 6.1 (Build 7601) Service Pack 1; Esri ArcGIS 10.1.1.3143</envirDesc><dataLang><languageCode Sync="TRUE" value="eng"/><countryCode value="USA" Sync="TRUE"></countryCode></dataLang><idCitation><resTitle Sync="FALSE">sv4mom_AGL</resTitle><presForm><PresFormCd Sync="TRUE" value="005"/></presForm></idCitation><spatRpType><SpatRepTypCd Sync="TRUE" value="001"/></spatRpType><dataExt><geoEle><GeoBndBox esriExtentType="native"><westBL Sync="TRUE">-82.351298</westBL><eastBL Sync="TRUE">-78.046498</eastBL><northBL Sync="TRUE">34.023919</northBL><southBL Sync="TRUE">28.515119</southBL><exTypeCode Sync="TRUE">1</exTypeCode></GeoBndBox></geoEle></dataExt><dataExt><geoEle><GeoBndBox esriExtentType="search"><westBL Sync="TRUE">-82.351298</westBL><eastBL Sync="TRUE">-78.046498</eastBL><northBL Sync="TRUE">34.023919</northBL><southBL Sync="TRUE">28.515119</southBL><exTypeCode Sync="TRUE">1</exTypeCode></GeoBndBox></geoEle></dataExt><geoBox esriExtentType="decdegrees"><westBL Sync="TRUE">-82.351298</westBL><eastBL Sync="TRUE">-78.046498</eastBL><northBL Sync="TRUE">34.023919</northBL><southBL Sync="TRUE">28.515119</southBL><exTypeCode Sync="TRUE">1</exTypeCode></geoBox><idPurp>Distributed with NWS's SLOSH Display program, this file allows the Savannah/Hilton Head MOM values to be viewed in external GIS products.</idPurp><idAbs>&lt;DIV STYLE="text-align:Left;"&gt;&lt;DIV&gt;&lt;DIV&gt;&lt;P&gt;&lt;SPAN&gt;This file contains all the MOMs AGL (Above Ground Level) generated by the National Hurricane Center for the Savannah SLOSH (Sea, Lake, and Overland Surge from Hurricanes) basin. Ground level is defined to be the average grid cell height for land cells and 0 for water cells. The ground level value is defined in the topography field and is the value above the basin's datum. A MOM (also known as the Maximum of MEOWs) depicts the potential flooding for a given Saffir-Simpson hurricane category, and is a composite of the maximum storm surge heights for all simulated hurricanes of that category regardless of direction and speed. A basin is a collection of bathymetry and topography used by the SLOSH model to compute storm surge. SLOSH is a numerical model used by the NWS to compute storm surge, an abnormal change in the water level due to a storm's winds and pressure.&lt;/SPAN&gt;&lt;/P&gt;&lt;P&gt;&lt;SPAN /&gt;&lt;/P&gt;&lt;/DIV&gt;&lt;/DIV&gt;&lt;/DIV&gt;</idAbs></dataIdInfo><metainfo><langmeta Sync="TRUE">en</langmeta><metstdn Sync="TRUE">FGDC Content Standards for Digital Geospatial Metadata</metstdn><metstdv Sync="TRUE">FGDC-STD-001-1998</metstdv><mettc Sync="TRUE">local time</mettc><metc><cntinfo><cntorgp><cntper>Bobby Louangsaysongkham</cntper><cntorg>National Weather Service</cntorg></cntorgp><cntaddr><addrtype>mailing and physical address</addrtype><city>Silver Spring</city><state>MD</state><postal>20910</postal><address>1325 East West Hwy, SSMC2 Rm 10460</address><country>USA</country></cntaddr><cntemail>bobby.louangsaysongkham@noaa.gov</cntemail></cntinfo></metc><metd Sync="TRUE">20090821</metd></metainfo><mdLang><languageCode Sync="TRUE" value="eng"/><countryCode value="USA" Sync="TRUE"></countryCode></mdLang><mdStanName>ArcGIS Metadata</mdStanName><mdStanVer>1.0</mdStanVer><mdChar><CharSetCd Sync="TRUE" value="004"/></mdChar><mdHrLv><ScopeCd Sync="TRUE" value="005"/></mdHrLv><mdHrLvName Sync="TRUE">dataset</mdHrLvName><distinfo><stdorder><digform><digtinfo><transize Sync="TRUE">3.897</transize><dssize Sync="TRUE">3.897</dssize></digtinfo></digform></stdorder><resdesc Sync="TRUE">Downloadable Data</resdesc><distrib><cntinfo><cntaddr><addrtype>mailing address</addrtype></cntaddr></cntinfo></distrib></distinfo><spdoinfo><direct Sync="TRUE">Vector</direct><ptvctinf><esriterm Name="Jekyll_SLOSH_MOM_AGL"><efeatyp Sync="TRUE">Simple</efeatyp><efeageom code="4" Sync="TRUE"></efeageom><esritopo Sync="TRUE">FALSE</esritopo><efeacnt Sync="TRUE">0</efeacnt><spindex Sync="TRUE">FALSE</spindex><linrefer Sync="TRUE">FALSE</linrefer></esriterm></ptvctinf></spdoinfo><spref><horizsys><cordsysn><geogcsn>North_American_1983</geogcsn></cordsysn><geodetic><horizdn>North American Datum of 1983</horizdn><ellips>Geodetic Reference System 80</ellips><semiaxis Sync="TRUE">6378294.000000</semiaxis><denflat Sync="TRUE">293.795210</denflat></geodetic></horizsys><vertdef><altsys><altdatum>North American Vertical Datum of 1988</altdatum><altunits>feet</altunits></altsys></vertdef></spref><refSysInfo><RefSystem><refSysID><identCode Sync="TRUE" code="26917">SLOSH_20070124_GCS_North_American_1927</identCode><idCodeSpace Sync="TRUE">EPSG</idCodeSpace><idVersion Sync="TRUE">7.11.2</idVersion></refSysID></RefSystem></refSysInfo><spatRepInfo><VectSpatRep><geometObjs Name="Jekyll_SLOSH_MOM_AGL"><geoObjTyp><GeoObjTypCd value="002" Sync="TRUE"></GeoObjTypCd></geoObjTyp><geoObjCnt Sync="TRUE">0</geoObjCnt></geometObjs><topLvl><TopoLevCd value="001" Sync="TRUE"></TopoLevCd></topLvl></VectSpatRep></spatRepInfo><eainfo><detailed Name="Jekyll_SLOSH_MOM_AGL"><enttyp><enttypl>sv4mom</enttypl><enttypt Sync="TRUE">Feature Class</enttypt><enttypc Sync="TRUE">0</enttypc></enttyp><attr><attrlabl Sync="TRUE">FID</attrlabl><attalias Sync="TRUE">FID</attalias><attrtype Sync="TRUE">OID</attrtype><attwidth Sync="TRUE">4</attwidth><atprecis Sync="TRUE">0</atprecis><attscale Sync="TRUE">0</attscale><attrdef Sync="TRUE">Internal feature number.</attrdef><attrdefs Sync="TRUE">ESRI</attrdefs><attrdomv><udom Sync="TRUE">Sequential unique whole numbers that are automatically generated.</udom></attrdomv></attr><attr><attrlabl Sync="TRUE">Shape</attrlabl><attalias Sync="TRUE">Shape</attalias><attrtype Sync="TRUE">Geometry</attrtype><attwidth Sync="TRUE">0</attwidth><atprecis Sync="TRUE">0</atprecis><attscale Sync="TRUE">0</attscale><attrdef Sync="TRUE">Feature geometry.</attrdef><attrdefs Sync="TRUE">ESRI</attrdefs><attrdomv><udom Sync="TRUE">Coordinates defining the features.</udom></attrdomv></attr><attr><attrlabl Sync="TRUE">Poly_id</attrlabl><attalias Sync="TRUE">Poly_id</attalias><attrtype Sync="TRUE">String</attrtype><attwidth Sync="TRUE">7</attwidth><attrdef>I index, J index</attrdef><atprecis Sync="TRUE">0</atprecis><attscale Sync="TRUE">0</attscale></attr><attr><attrlabl Sync="TRUE">i_index</attrlabl><attalias Sync="TRUE">i_index</attalias><attrtype Sync="TRUE">SmallInteger</attrtype><attwidth Sync="TRUE">3</attwidth><atprecis Sync="TRUE">3</atprecis><attscale Sync="TRUE">0</attscale></attr><attr><attrlabl Sync="TRUE">j_index</attrlabl><attalias Sync="TRUE">j_index</attalias><attrtype Sync="TRUE">SmallInteger</attrtype><attwidth Sync="TRUE">3</attwidth><atprecis Sync="TRUE">3</atprecis><attscale Sync="TRUE">0</attscale></attr><attr><attrlabl Sync="TRUE">c0_mean</attrlabl><attalias Sync="TRUE">c0_mean</attalias><attrtype Sync="TRUE">Single</attrtype><attwidth Sync="TRUE">8</attwidth><atprecis Sync="TRUE">7</atprecis><attscale Sync="TRUE">1</attscale></attr><attr><attrlabl Sync="TRUE">c0_high</attrlabl><attalias Sync="TRUE">c0_high</attalias><attrtype Sync="TRUE">Single</attrtype><attwidth Sync="TRUE">8</attwidth><atprecis Sync="TRUE">7</atprecis><attscale Sync="TRUE">1</attscale></attr><attr><attrlabl Sync="TRUE">c1_mean</attrlabl><attalias Sync="TRUE">c1_mean</attalias><attrtype Sync="TRUE">Single</attrtype><attwidth Sync="TRUE">8</attwidth><attrdef>Potential storm tide height for a saffir-simpson category one hurricane at mean tide</attrdef><atprecis Sync="TRUE">7</atprecis><attscale Sync="TRUE">1</attscale></attr><attr><attrlabl Sync="TRUE">c1_high</attrlabl><attalias Sync="TRUE">c1_high</attalias><attrtype Sync="TRUE">Single</attrtype><attwidth Sync="TRUE">8</attwidth><attrdef>Potential storm tide height for a saffir-simpson category one hurricane at high tide</attrdef><atprecis Sync="TRUE">7</atprecis><attscale Sync="TRUE">1</attscale></attr><attr><attrlabl Sync="TRUE">c2_mean</attrlabl><attalias Sync="TRUE">c2_mean</attalias><attrtype Sync="TRUE">Single</attrtype><attwidth Sync="TRUE">8</attwidth><attrdef>Potential storm tide height for a saffir-simpson category two hurricane at mean tide</attrdef><atprecis Sync="TRUE">7</atprecis><attscale Sync="TRUE">1</attscale></attr><attr><attrlabl Sync="TRUE">c2_high</attrlabl><attalias Sync="TRUE">c2_high</attalias><attrtype Sync="TRUE">Single</attrtype><attwidth Sync="TRUE">8</attwidth><attrdef>Potential storm tide height for a saffir-simpson category two hurricane at high tide</attrdef><atprecis Sync="TRUE">7</atprecis><attscale Sync="TRUE">1</attscale></attr><attr><attrlabl Sync="TRUE">c3_mean</attrlabl><attalias Sync="TRUE">c3_mean</attalias><attrtype Sync="TRUE">Single</attrtype><attwidth Sync="TRUE">8</attwidth><attrdef>Potential storm tide height for a saffir-simpson category three hurricane at mean tide</attrdef><atprecis Sync="TRUE">7</atprecis><attscale Sync="TRUE">1</attscale></attr><attr><attrlabl Sync="TRUE">c3_high</attrlabl><attalias Sync="TRUE">c3_high</attalias><attrtype Sync="TRUE">Single</attrtype><attwidth Sync="TRUE">8</attwidth><attrdef>Potential storm tide height for a saffir-simpson category three hurricane at high tide</attrdef><atprecis Sync="TRUE">7</atprecis><attscale Sync="TRUE">1</attscale></attr><attr><attrlabl Sync="TRUE">c4_mean</attrlabl><attalias Sync="TRUE">c4_mean</attalias><attrtype Sync="TRUE">Single</attrtype><attwidth Sync="TRUE">8</attwidth><attrdef>Potential storm tide height for a saffir-simpson category four hurricane at mean tide</attrdef><atprecis Sync="TRUE">7</atprecis><attscale Sync="TRUE">1</attscale></attr><attr><attrlabl Sync="TRUE">c4_high</attrlabl><attalias Sync="TRUE">c4_high</attalias><attrtype Sync="TRUE">Single</attrtype><attwidth Sync="TRUE">8</attwidth><attrdef>Potential storm tide height for a saffir-simpson category four hurricane at high tide</attrdef><atprecis Sync="TRUE">7</atprecis><attscale Sync="TRUE">1</attscale></attr><attr><attrlabl Sync="TRUE">c5_mean</attrlabl><attalias Sync="TRUE">c5_mean</attalias><attrtype Sync="TRUE">Single</attrtype><attwidth Sync="TRUE">8</attwidth><attrdef>Potential storm tide height for a saffir-simpson category five hurricane at mean tide</attrdef><atprecis Sync="TRUE">7</atprecis><attscale Sync="TRUE">1</attscale></attr><attr><attrlabl Sync="TRUE">c5_high</attrlabl><attalias Sync="TRUE">c5_high</attalias><attrtype Sync="TRUE">Single</attrtype><attwidth Sync="TRUE">8</attwidth><attrdef>Potential storm tide height for a saffir-simpson category five hurricane at high tide</attrdef><atprecis Sync="TRUE">7</atprecis><attscale Sync="TRUE">1</attscale></attr><attr><attrlabl Sync="TRUE">topography</attrlabl><attalias Sync="TRUE">topography</attalias><attrtype Sync="TRUE">Integer</attrtype><attwidth Sync="TRUE">6</attwidth><atprecis Sync="TRUE">6</atprecis><attscale Sync="TRUE">0</attscale></attr></detailed><overview><eaover>Numerous hypothetical storms were run to create the MOM (maximum potential storm surge) values.  Storm tracks were run in northeast, north-northeast, north, north-northwest, northwest, west-northwest, and west directions.  For each set of tracks in a specific direction storms were run at forward speeds of 5 mph, 15 mph, 25 mph, and 35 mph.  And finally for each direction, at each speed, they were run at two different sizes, 20 mile radius of maximum winds and 35 mile radius of maximum winds.  

Mean Tide is equal to 0 ft, and High Tide is equal to 3.5 ft.  Both tide levels are referenced to North American Vertical Datum 1988.</eaover></overview></eainfo><mdDateSt Sync="TRUE">20131120</mdDateSt></metadata>
